[NX v23.2.0 Daemon Client] - 2026-09-08T15:27:21.373Z - [Client] Starting new daemon server in background
[NX v23.2.0 Daemon Client] - 2026-09-08T15:27:21.416Z - [Client] Waiting for server (max: 6000 attempts, 10ms interval)
DEBUG nx::native::watch::watcher: watching started origin=D:\MesProjets\TableUp\source\TURO
[NX v23.2.0 Daemon Server] - 2026-09-08T15:27:22.032Z - [WATCHER]: Subscribed to changes within: D:\MesProjets\TableUp\source\TURO (native)
[NX v23.2.0 Daemon Server] - 2026-09-08T15:27:22.036Z - New daemon starting from: D:\MesProjets\TableUp\source\TURO\node_modules\nx\dist\src\daemon\server\server.js
[NX v23.2.0 Daemon Server] - 2026-09-08T15:27:22.036Z - New daemon __dirname: D:\MesProjets\TableUp\source\TURO\node_modules\nx\dist\src\daemon\server
[NX v23.2.0 Daemon Server] - 2026-09-08T15:27:22.036Z - New daemon nxVersion: 23.2.0
[NX v23.2.0 Daemon Server] - 2026-09-08T15:27:22.037Z - New daemon getInstalledNxVersion(): 23.2.0
[NX v23.2.0 Daemon Server] - 2026-09-08T15:27:22.038Z - Time taken for 'workspace context init' 0.21209999999996398ms
[NX v23.2.0 Daemon Server] - 2026-09-08T15:27:22.039Z - [Server] Starting outdated check interval (20ms)
[NX v23.2.0 Daemon Server] - 2026-09-08T15:27:22.039Z - Started listening on: \\.\pipe\nx\C:\Users\ichma\AppData\Local\Temp\85b206dd4a1c40763b08\d.sock
[NX v23.2.0 Daemon Client] - 2026-09-08T15:27:22.042Z - [Client] Server available
[NX v23.2.0 Daemon Client] - 2026-09-08T15:27:22.042Z - [Client] Daemon server started, pid=43972
DEBUG nx::native::watch::watcher: watching started origin=D:\MesProjets\TableUp\source\TURO
[NX v23.2.0 Daemon Client] - 2026-09-08T15:27:22.043Z - [Messenger] Setting up socket listeners
[NX v23.2.0 Daemon Client] - 2026-09-08T15:27:22.043Z - [Messenger] listen() complete
[NX v23.2.0 Daemon Server] - 2026-09-08T15:27:22.046Z - [LATEST-NX]: Pulling latest Nx...
[NX v23.2.0 Daemon Client] - 2026-09-08T15:27:22.310Z - [Messenger] Sending message type: REQUEST_PROJECT_GRAPH
[NX v23.2.0 Daemon Client] - 2026-09-08T15:27:22.310Z - [Messenger] Message sent
[NX v23.2.0 Daemon Server] - 2026-09-08T15:27:22.375Z - [AI-AGENTS]: Starting agent configuration status computation
[isolated-plugin] spawned worker for "D:\MesProjets\TableUp\source\TURO\node_modules\nx\dist\src\plugins\js" (pid: 55916, socket: \\.\pipe\nx\C:\Users\ichma\AppData\Local\Temp\5dfcbde1\p43972-0-f02d3fc8.sock)
[isolated-plugin] spawned worker for "D:\MesProjets\TableUp\source\TURO\node_modules\nx\dist\src\plugins\package-json" (pid: 37852, socket: \\.\pipe\nx\C:\Users\ichma\AppData\Local\Temp\5dfcbde1\p43972-1-65f65b0b.sock)
[isolated-plugin] spawned worker for "D:\MesProjets\TableUp\source\TURO\node_modules\nx\dist\src\plugins\project-json\build-nodes\project-json" (pid: 18020, socket: \\.\pipe\nx\C:\Users\ichma\AppData\Local\Temp\5dfcbde1\p43972-2-e2354998.sock)
[isolated-plugin] spawned worker for "@nx/playwright/plugin" (pid: 11628, socket: \\.\pipe\nx\C:\Users\ichma\AppData\Local\Temp\5dfcbde1\p43972-3-98a2da30.sock)
[isolated-plugin] spawned worker for "@nx/eslint/plugin" (pid: 57464, socket: \\.\pipe\nx\C:\Users\ichma\AppData\Local\Temp\5dfcbde1\p43972-4-507704f1.sock)
[NX v23.2.0 Daemon Server] - 2026-09-08T15:27:22.445Z - Time taken for 'hash changed files from watcher' 0.0079000000000633ms
[NX v23.2.0 Daemon Server] - 2026-09-08T15:27:22.448Z - Established a connection. Number of open connections: 1
[NX v23.2.0 Daemon Server] - 2026-09-08T15:27:22.448Z - Established a connection. Number of open connections: 2
[NX v23.2.0 Daemon Server] - 2026-09-08T15:27:22.450Z - Closed a connection. Number of open connections: 1
[NX v23.2.0 Daemon Server] - 2026-09-08T15:27:22.450Z - Received raw message of length 4002
[NX v23.2.0 Daemon Server] - 2026-09-08T15:27:22.450Z - Received json message of type REQUEST_PROJECT_GRAPH
[NX v23.2.0 Daemon Server] - 2026-09-08T15:27:22.451Z - [REQUEST]: Client Request for Project Graph Received
DEBUG nx::native::watch::watcher: force-flush END count=0 replies=1 elapsed=24.7816ms
[NX v23.2.0 Daemon Server] - 2026-09-08T15:27:22.478Z - Reusing in-memory cached project graph because no files changed.
[plugin-worker] "D:\MesProjets\TableUp\source\TURO\node_modules\nx\dist\src\plugins\js" (pid: 55916) listening on \\.\pipe\nx\C:\Users\ichma\AppData\Local\Temp\5dfcbde1\p43972-0-f02d3fc8.sock
[1m[33mTime taken for 'plugin worker 55916 code loading' 269.8019ms[39m[22m
[isolated-plugin] connected to worker for "D:\MesProjets\TableUp\source\TURO\node_modules\nx\dist\src\plugins\js" (pid: 55916)
[plugin-worker] "D:\MesProjets\TableUp\source\TURO\node_modules\nx\dist\src\plugins\js" (pid: 55916) connected
[NX v23.2.0 Daemon Server] - 2026-09-08T15:27:22.721Z - Time taken for 'start-plugin-worker:D:\MesProjets\TableUp\source\TURO\node_modules\nx\dist\src\plugins\js' 345.5498ms
[plugin-worker] "D:\MesProjets\TableUp\source\TURO\node_modules\nx\dist\src\plugins\package-json" (pid: 37852) listening on \\.\pipe\nx\C:\Users\ichma\AppData\Local\Temp\5dfcbde1\p43972-1-65f65b0b.sock
[1m[33mTime taken for 'plugin worker 37852 code loading' 267.8887ms[39m[22m
[plugin-worker] "D:\MesProjets\TableUp\source\TURO\node_modules\nx\dist\src\plugins\project-json\build-nodes\project-json" (pid: 18020) listening on \\.\pipe\nx\C:\Users\ichma\AppData\Local\Temp\5dfcbde1\p43972-2-e2354998.sock
[1m[33mTime taken for 'plugin worker 18020 code loading' 268.7161ms[39m[22m
[isolated-plugin] connected to worker for "D:\MesProjets\TableUp\source\TURO\node_modules\nx\dist\src\plugins\package-json" (pid: 37852)
[isolated-plugin] connected to worker for "D:\MesProjets\TableUp\source\TURO\node_modules\nx\dist\src\plugins\project-json\build-nodes\project-json" (pid: 18020)
[NX v23.2.0 Daemon Server] - 2026-09-08T15:27:22.731Z - Time taken for 'start-plugin-worker:D:\MesProjets\TableUp\source\TURO\node_modules\nx\dist\src\plugins\package-json' 311.4316ms
[NX v23.2.0 Daemon Server] - 2026-09-08T15:27:22.731Z - Time taken for 'start-plugin-worker:D:\MesProjets\TableUp\source\TURO\node_modules\nx\dist\src\plugins\project-json\build-nodes\project-json' 305.5873ms
[plugin-worker] "D:\MesProjets\TableUp\source\TURO\node_modules\nx\dist\src\plugins\package-json" (pid: 37852) connected
[plugin-worker] "D:\MesProjets\TableUp\source\TURO\node_modules\nx\dist\src\plugins\project-json\build-nodes\project-json" (pid: 18020) connected
[plugin-worker] "@nx/playwright/plugin" (pid: 11628) listening on \\.\pipe\nx\C:\Users\ichma\AppData\Local\Temp\5dfcbde1\p43972-3-98a2da30.sock
[plugin-worker] "D:\MesProjets\TableUp\source\TURO\node_modules\nx\dist\src\plugins\project-json\build-nodes\project-json" (pid: 18020) loaded successfully
[1m[33mTime taken for 'plugin worker 11628 code loading' 267.60650000000004ms[39m[22m
[NX v23.2.0 Daemon Server] - 2026-09-08T15:27:22.737Z - Time taken for 'Load Nx Plugin: D:\MesProjets\TableUp\source\TURO\node_modules\nx\dist\src\plugins\project-json\build-nodes\project-json' 692.7628ms
[plugin-worker] "D:\MesProjets\TableUp\source\TURO\node_modules\nx\dist\src\plugins\package-json" (pid: 37852) loaded successfully
[NX v23.2.0 Daemon Server] - 2026-09-08T15:27:22.740Z - Time taken for 'Load Nx Plugin: D:\MesProjets\TableUp\source\TURO\node_modules\nx\dist\src\plugins\package-json' 696.4922000000001ms
[isolated-plugin] connected to worker for "@nx/playwright/plugin" (pid: 11628)
[plugin-worker] "D:\MesProjets\TableUp\source\TURO\node_modules\nx\dist\src\plugins\js" (pid: 55916) loaded successfully
[NX v23.2.0 Daemon Server] - 2026-09-08T15:27:22.742Z - Time taken for 'start-plugin-worker:@nx/playwright/plugin' 309.9938000000001ms
[plugin-worker] "@nx/playwright/plugin" (pid: 11628) connected
[NX v23.2.0 Daemon Server] - 2026-09-08T15:27:22.743Z - Time taken for 'loadDefaultNxPlugins' 699.4382999999999ms
[NX v23.2.0 Daemon Server] - 2026-09-08T15:27:22.743Z - Time taken for 'Load Nx Plugin: D:\MesProjets\TableUp\source\TURO\node_modules\nx\dist\src\plugins\js' 699.265ms
[plugin-worker] "@nx/eslint/plugin" (pid: 57464) listening on \\.\pipe\nx\C:\Users\ichma\AppData\Local\Temp\5dfcbde1\p43972-4-507704f1.sock
[1m[33mTime taken for 'plugin worker 57464 code loading' 268.65299999999996ms[39m[22m
[isolated-plugin] connected to worker for "@nx/eslint/plugin" (pid: 57464)
[NX v23.2.0 Daemon Server] - 2026-09-08T15:27:22.758Z - Time taken for 'start-plugin-worker:@nx/eslint/plugin' 319.58850000000007ms
[plugin-worker] "@nx/eslint/plugin" (pid: 57464) connected
[plugin-worker] "@nx/eslint/plugin" (pid: 57464) loaded successfully
[NX v23.2.0 Daemon Server] - 2026-09-08T15:27:23.025Z - Time taken for 'Load Nx Plugin: @nx/eslint/plugin' 979.5274ms
[plugin-worker] "@nx/playwright/plugin" (pid: 11628) loaded successfully
[NX v23.2.0 Daemon Server] - 2026-09-08T15:27:23.044Z - [REQUEST]: Updated workspace context based on watched changes, recomputing project graph...
[NX v23.2.0 Daemon Server] - 2026-09-08T15:27:23.045Z - [REQUEST]: 
[NX v23.2.0 Daemon Server] - 2026-09-08T15:27:23.045Z - [REQUEST]: 
[NX v23.2.0 Daemon Server] - 2026-09-08T15:27:23.046Z - Streaming message to client: progress update for topic graph-construction
[NX v23.2.0 Daemon Server] - 2026-09-08T15:27:23.047Z - Time taken for 'loadSpecifiedNxPlugins' 999.6856000000001ms
[NX v23.2.0 Daemon Server] - 2026-09-08T15:27:23.047Z - Time taken for 'Load Nx Plugin: @nx/playwright/plugin' 999.6077ms
[NX v23.2.0 Daemon Client] - 2026-09-08T15:27:23.047Z - [Messenger] Received message, length: 47
[1m[33mTime taken for 'nx/core/package-json:createNodes' 1.4723999999999933ms[39m[22m
[isolated-plugin] shutting down worker for "nx/core/package-json" after createNodes
[NX v23.2.0 Daemon Server] - 2026-09-08T15:27:23.050Z - Streaming message to client: progress update for topic graph-construction
[1m[33mTime taken for 'nx/core/project-json:createNodes' 1.6996000000000322ms[39m[22m
[isolated-plugin] shutting down worker for "nx/core/project-json" after createNodes
[NX v23.2.0 Daemon Server] - 2026-09-08T15:27:23.050Z - Streaming message to client: progress update for topic graph-construction
[NX v23.2.0 Daemon Client] - 2026-09-08T15:27:23.050Z - [Messenger] Received message, length: 203
[NX v23.2.0 Daemon Client] - 2026-09-08T15:27:23.051Z - [Messenger] Received message, length: 177
[NX v23.2.0 Daemon Server] - 2026-09-08T15:27:23.051Z - Established a connection. Number of open connections: 2
[NX v23.2.0 Daemon Server] - 2026-09-08T15:27:23.051Z - Closed a connection. Number of open connections: 1
[NX v23.2.0 Daemon Server] - 2026-09-08T15:27:23.052Z - Established a connection. Number of open connections: 2
[NX v23.2.0 Daemon Server] - 2026-09-08T15:27:23.052Z - Established a connection. Number of open connections: 3
[NX v23.2.0 Daemon Server] - 2026-09-08T15:27:23.052Z - Closed a connection. Number of open connections: 2
[NX v23.2.0 Daemon Client] - 2026-09-08T15:27:23.052Z - [Messenger] Setting up socket listeners
[NX v23.2.0 Daemon Server] - 2026-09-08T15:27:23.053Z - Established a connection. Number of open connections: 3
[NX v23.2.0 Daemon Client] - 2026-09-08T15:27:23.052Z - [Messenger] listen() complete
[NX v23.2.0 Daemon Client] - 2026-09-08T15:27:23.053Z - [Messenger] Setting up socket listeners
[NX v23.2.0 Daemon Client] - 2026-09-08T15:27:23.053Z - [Messenger] listen() complete
[1m[33mTime taken for 'nx/js/dependencies-and-lockfile:createNodes' 11.123699999999985ms[39m[22m
[NX v23.2.0 Daemon Server] - 2026-09-08T15:27:23.061Z - Streaming message to client: progress update for topic graph-construction
[NX v23.2.0 Daemon Client] - 2026-09-08T15:27:23.062Z - [Messenger] Received message, length: 140
[NX v23.2.0 Daemon Client] - 2026-09-08T15:27:23.359Z - [Messenger] Sending message type: HASH_MULTI_GLOB
[NX v23.2.0 Daemon Client] - 2026-09-08T15:27:23.360Z - [Messenger] Message sent
[1m[33mTime taken for 'daemon-message-serialization-HASH_MULTI_GLOB' 0.048499999999989996ms[39m[22m
[NX v23.2.0 Daemon Server] - 2026-09-08T15:27:23.360Z - Received raw message of length 143
[NX v23.2.0 Daemon Server] - 2026-09-08T15:27:23.360Z - Received json message of type HASH_MULTI_GLOB
[NX v23.2.0 Daemon Server] - 2026-09-08T15:27:23.361Z - Serializing response for HASH_GLOB message in json mode
[NX v23.2.0 Daemon Server] - 2026-09-08T15:27:23.361Z - Responding to HASH_GLOB message
[NX v23.2.0 Daemon Server] - 2026-09-08T15:27:23.361Z - [REQUEST]: Responding to the client. handleHashMultiGlob
[NX v23.2.0 Daemon Client] - 2026-09-08T15:27:23.362Z - [Messenger] Sending message type: GLOB
[NX v23.2.0 Daemon Client] - 2026-09-08T15:27:23.362Z - [Messenger] Message sent
[NX v23.2.0 Daemon Server] - 2026-09-08T15:27:23.364Z - Received raw message of length 129
[NX v23.2.0 Daemon Server] - 2026-09-08T15:27:23.364Z - Received json message of type GLOB
[NX v23.2.0 Daemon Client] - 2026-09-08T15:27:23.364Z - [Messenger] Received message, length: 24
[NX v23.2.0 Daemon Server] - 2026-09-08T15:27:23.365Z - Serializing response for GLOB message in json mode
[NX v23.2.0 Daemon Server] - 2026-09-08T15:27:23.365Z - Responding to GLOB message
[NX v23.2.0 Daemon Server] - 2026-09-08T15:27:23.365Z - [REQUEST]: Responding to the client. handleGlob
[1m[33mTime taken for 'daemon-message-serialization-GLOB' 0.03730000000007294ms[39m[22m
[NX v23.2.0 Daemon Server] - 2026-09-08T15:27:23.365Z - Done responding to the client handleHashMultiGlob
[NX v23.2.0 Daemon Server] - 2026-09-08T15:27:23.365Z - Handled json message HASH_GLOB. Handling time: 1. Response time: 4.
[NX v23.2.0 Daemon Server] - 2026-09-08T15:27:23.365Z - Done responding to the client handleGlob
[NX v23.2.0 Daemon Server] - 2026-09-08T15:27:23.365Z - Handled json message GLOB. Handling time: 1. Response time: 0.
[NX v23.2.0 Daemon Client] - 2026-09-08T15:27:23.364Z - [Messenger] Received message, length: 400
[NX v23.2.0 Daemon Client] - 2026-09-08T15:27:23.366Z - [Messenger] Sending message type: HASH_MULTI_GLOB
[NX v23.2.0 Daemon Client] - 2026-09-08T15:27:23.366Z - [Messenger] Message sent
[1m[33mTime taken for 'GLOB round trip' 2.8541999999999916ms[39m[22m
[1m[33mTime taken for 'deserialize daemon response - GLOB' 0.01759999999990214ms[39m[22m
[1m[33mTime taken for 'daemon-message-serialization-HASH_MULTI_GLOB' 0.022300000000086584ms[39m[22m
[NX v23.2.0 Daemon Server] - 2026-09-08T15:27:23.367Z - Received raw message of length 371
[NX v23.2.0 Daemon Server] - 2026-09-08T15:27:23.367Z - Received json message of type HASH_MULTI_GLOB
[NX v23.2.0 Daemon Server] - 2026-09-08T15:27:23.368Z - Serializing response for HASH_GLOB message in json mode
[NX v23.2.0 Daemon Server] - 2026-09-08T15:27:23.368Z - Responding to HASH_GLOB message
[NX v23.2.0 Daemon Server] - 2026-09-08T15:27:23.368Z - [REQUEST]: Responding to the client. handleHashMultiGlob
[NX v23.2.0 Daemon Server] - 2026-09-08T15:27:23.368Z - Done responding to the client handleHashMultiGlob
[NX v23.2.0 Daemon Server] - 2026-09-08T15:27:23.368Z - Handled json message HASH_GLOB. Handling time: 1. Response time: 0.
[NX v23.2.0 Daemon Client] - 2026-09-08T15:27:23.368Z - [Messenger] Received message, length: 69
Fetching nx...
[NX v23.2.0 Daemon Client] - 2026-09-08T15:27:23.757Z - [Messenger] Sending message type: GET_FILES_IN_DIRECTORY
[NX v23.2.0 Daemon Client] - 2026-09-08T15:27:23.757Z - [Messenger] Message sent
[1m[33mTime taken for 'HASH_MULTI_GLOB round trip' 4.992799999999988ms[39m[22m
[1m[33mTime taken for 'deserialize daemon response - HASH_MULTI_GLOB' 0.01999999999998181ms[39m[22m
[1m[33mTime taken for 'daemon-message-serialization-GET_FILES_IN_DIRECTORY' 0.027000000000043656ms[39m[22m
[NX v23.2.0 Daemon Server] - 2026-09-08T15:27:23.758Z - Received raw message of length 115
[NX v23.2.0 Daemon Server] - 2026-09-08T15:27:23.758Z - Received json message of type GET_FILES_IN_DIRECTORY
[NX v23.2.0 Daemon Server] - 2026-09-08T15:27:23.758Z - Serializing response for GET_FILES_IN_DIRECTORY message in json mode
[NX v23.2.0 Daemon Server] - 2026-09-08T15:27:23.758Z - Responding to GET_FILES_IN_DIRECTORY message
[NX v23.2.0 Daemon Server] - 2026-09-08T15:27:23.758Z - [REQUEST]: Responding to the client. handleNxWorkspaceFiles
[NX v23.2.0 Daemon Server] - 2026-09-08T15:27:23.758Z - Done responding to the client handleNxWorkspaceFiles
[NX v23.2.0 Daemon Server] - 2026-09-08T15:27:23.758Z - Handled json message GET_FILES_IN_DIRECTORY. Handling time: 0. Response time: 0.
[NX v23.2.0 Daemon Client] - 2026-09-08T15:27:23.758Z - [Messenger] Received message, length: 37
[1m[33mTime taken for '@nx/playwright/plugin:createNodes' 713.5008ms[39m[22m
[1m[33mTime taken for 'GET_FILES_IN_DIRECTORY round trip' 1.2545999999999822ms[39m[22m
[1m[33mTime taken for 'deserialize daemon response - GET_FILES_IN_DIRECTORY' 0.014899999999897773ms[39m[22m
[isolated-plugin] shutting down worker for "@nx/playwright/plugin" after createNodes
[NX v23.2.0 Daemon Server] - 2026-09-08T15:27:23.762Z - Streaming message to client: progress update for topic graph-construction
[NX v23.2.0 Daemon Client] - 2026-09-08T15:27:23.763Z - [Messenger] Received message, length: 98
[NX v23.2.0 Daemon Server] - 2026-09-08T15:27:23.843Z - Closed a connection. Number of open connections: 2
[1m[33mTime taken for 'HASH_MULTI_GLOB round trip' 2.073500000000081ms[39m[22m
[1m[33mTime taken for 'deserialize daemon response - HASH_MULTI_GLOB' 0.01340000000004693ms[39m[22m
[NX v23.2.0 Daemon Server] - 2026-09-08T15:27:27.157Z - [LATEST-NX]: Successfully pulled latest Nx to C:\Users\ichma\AppData\Local\Temp\tmp-43972-LT3Tx1W1GoNS
[NX v23.2.0 Daemon Server] - 2026-09-08T15:27:27.157Z - [NX-CONSOLE]: Using local implementation (NX_USE_LOCAL=true or inner call)
[NX v23.2.0 Daemon Server] - 2026-09-08T15:27:27.158Z - [AI-AGENTS]: Failed to compute agent configuration status from latest Nx. Error: Only URLs with a scheme in: file, data, and node are supported by the default ESM loader. On Windows, absolute paths must be valid file:// URLs. Received protocol 'd:'
[NX v23.2.0 Daemon Server] - 2026-09-08T15:27:27.159Z - [AI-AGENTS]: Agent configuration status computation completed: 0 fully configured, 0 outdated, 0 partially configured, 0 non-configured
DEBUG nx::native::ide::install: Detected editor: Unknown
[NX v23.2.0 Daemon Server] - 2026-09-08T15:27:27.159Z - [NX-CONSOLE]: Console status check completed, shouldPrompt: false
[1m[33mTime taken for '@nx/eslint/plugin:createNodes' 10144.5479ms[39m[22m
[isolated-plugin] shutting down worker for "@nx/eslint/plugin" after createNodes
[NX v23.2.0 Daemon Server] - 2026-09-08T15:27:33.193Z - Streaming message to client: progress update for topic graph-construction
[NX v23.2.0 Daemon Server] - 2026-09-08T15:27:33.218Z - Streaming message to client: progress update for topic graph-construction
[NX v23.2.0 Daemon Server] - 2026-09-08T15:27:33.219Z - Time taken for 'build-project-configs' 10161.878700000001ms
[NX v23.2.0 Daemon Server] - 2026-09-08T15:27:33.219Z - Time taken for 'createNodes:merge' 15.085500000001048ms
[NX v23.2.0 Daemon Server] - 2026-09-08T15:27:33.219Z - Time taken for 'native-file-deps' 0.005400000000008731ms
[NX v23.2.0 Daemon Server] - 2026-09-08T15:27:33.219Z - Time taken for 'get-workspace-files' 0.372799999999188ms
[NX v23.2.0 Daemon Server] - 2026-09-08T15:27:33.219Z - Time taken for 'read cache' 0.18109999999978754ms
[NX v23.2.0 Daemon Client] - 2026-09-08T15:27:33.220Z - [Messenger] Received message, length: 47
[NX v23.2.0 Daemon Client] - 2026-09-08T15:27:33.221Z - [Messenger] Received message, length: 47
[1m[33mTime taken for 'build typescript dependencies' 61.950699999999415ms[39m[22m
[isolated-plugin] shutting down worker for "nx/js/dependencies-and-lockfile" after createDependencies
[NX v23.2.0 Daemon Server] - 2026-09-08T15:27:33.297Z - Streaming message to client: progress update for topic graph-construction
[NX v23.2.0 Daemon Server] - 2026-09-08T15:27:33.301Z - [SYNC]: collect registered sync generators
[NX v23.2.0 Daemon Server] - 2026-09-08T15:27:33.304Z - Wrote project graph cache to D:\MesProjets\TableUp\source\TURO\.nx\workspace-data\project-graph.json
[NX v23.2.0 Daemon Server] - 2026-09-08T15:27:33.304Z - Serializing response for REQUEST_PROJECT_GRAPH message in json mode
[NX v23.2.0 Daemon Server] - 2026-09-08T15:27:33.304Z - Responding to REQUEST_PROJECT_GRAPH message
[NX v23.2.0 Daemon Server] - 2026-09-08T15:27:33.304Z - [REQUEST]: Responding to the client. project-graph
[NX v23.2.0 Daemon Server] - 2026-09-08T15:27:33.305Z - Time taken for 'total for creating and serializing project graph' 10853.4693ms
[NX v23.2.0 Daemon Server] - 2026-09-08T15:27:33.305Z - Time taken for 'total execution time for createProjectGraph()' 85.01659999999902ms
[NX v23.2.0 Daemon Server] - 2026-09-08T15:27:33.305Z - Time taken for 'createDependencies' 81.27199999999903ms
[NX v23.2.0 Daemon Server] - 2026-09-08T15:27:33.305Z - Time taken for 'nx/js/dependencies-and-lockfile:createDependencies' 81.0576000000001ms
[NX v23.2.0 Daemon Server] - 2026-09-08T15:27:33.305Z - Time taken for 'createMetadata' 0.011800000000221189ms
[NX v23.2.0 Daemon Server] - 2026-09-08T15:27:33.305Z - Time taken for 'serialize graph' 0.8545999999987544ms
[NX v23.2.0 Daemon Server] - 2026-09-08T15:27:33.305Z - Time taken for 'write cache' 3.0033999999996013ms
[NX v23.2.0 Daemon Client] - 2026-09-08T15:27:33.306Z - [Messenger] Received message, length: 47
[NX v23.2.0 Daemon Client] - 2026-09-08T15:27:33.306Z - [Messenger] Received message, length: 403249
[NX v23.2.0 Daemon Server] - 2026-09-08T15:27:33.306Z - Done responding to the client project-graph
[NX v23.2.0 Daemon Server] - 2026-09-08T15:27:33.307Z - Handled json message REQUEST_PROJECT_GRAPH. Handling time: 10853. Response time: 3.
[NX v23.2.0 Daemon Server] - 2026-09-08T15:27:33.324Z - Closed a connection. Number of open connections: 1
[NX v23.2.0 Daemon Server] - 2026-09-08T15:27:33.941Z - Closed a connection. Number of open connections: 0
[NX v23.2.0 Daemon Server] - 2026-09-08T15:29:17.012Z - Established a connection. Number of open connections: 1
[NX v23.2.0 Daemon Server] - 2026-09-08T15:29:17.012Z - Closed a connection. Number of open connections: 0
[NX v23.2.0 Daemon Server] - 2026-09-08T15:29:17.013Z - Established a connection. Number of open connections: 1
[NX v23.2.0 Daemon Server] - 2026-09-08T15:29:17.013Z - Closed a connection. Number of open connections: 0
[NX v23.2.0 Daemon Server] - 2026-09-08T15:29:17.014Z - Established a connection. Number of open connections: 1
[NX v23.2.0 Daemon Client] - 2026-09-08T15:29:17.014Z - [Messenger] Setting up socket listeners
[NX v23.2.0 Daemon Client] - 2026-09-08T15:29:17.015Z - [Messenger] listen() complete
[NX v23.2.0 Daemon Client] - 2026-09-08T15:29:17.265Z - [Messenger] Sending message type: GET_NX_CONSOLE_STATUS
[NX v23.2.0 Daemon Client] - 2026-09-08T15:29:17.266Z - [Messenger] Message sent
[NX v23.2.0 Daemon Server] - 2026-09-08T15:29:17.267Z - Received raw message of length 3925
[NX v23.2.0 Daemon Server] - 2026-09-08T15:29:17.267Z - Received json message of type GET_NX_CONSOLE_STATUS
[NX v23.2.0 Daemon Server] - 2026-09-08T15:29:17.267Z - Graph recompute necessary due to env variable refresh. Changed keys: NX_DRY_RUN, NX_GENERATE_QUIET, NX_INTERACTIVE
[NX v23.2.0 Daemon Server] - 2026-09-08T15:29:17.268Z - Serializing response for GET_NX_CONSOLE_STATUS message in json mode
[NX v23.2.0 Daemon Server] - 2026-09-08T15:29:17.268Z - Responding to GET_NX_CONSOLE_STATUS message
[NX v23.2.0 Daemon Server] - 2026-09-08T15:29:17.268Z - [REQUEST]: Responding to the client. handleGetNxConsoleStatus
[NX v23.2.0 Daemon Server] - 2026-09-08T15:29:17.268Z - Done responding to the client handleGetNxConsoleStatus
[NX v23.2.0 Daemon Server] - 2026-09-08T15:29:17.268Z - Handled json message GET_NX_CONSOLE_STATUS. Handling time: 0. Response time: 0.
[NX v23.2.0 Daemon Client] - 2026-09-08T15:29:17.269Z - [Messenger] Received message, length: 22
[NX v23.2.0 Daemon Client] - 2026-09-08T15:29:17.285Z - [Messenger] Sending message type: REQUEST_PROJECT_GRAPH
[NX v23.2.0 Daemon Client] - 2026-09-08T15:29:17.285Z - [Messenger] Message sent
[NX v23.2.0 Daemon Server] - 2026-09-08T15:29:17.286Z - Received raw message of length 88
[NX v23.2.0 Daemon Server] - 2026-09-08T15:29:17.286Z - Received json message of type REQUEST_PROJECT_GRAPH
[NX v23.2.0 Daemon Server] - 2026-09-08T15:29:17.286Z - [REQUEST]: Client Request for Project Graph Received
DEBUG nx::native::watch::watcher: force-flush END count=0 replies=1 elapsed=14.8343ms
[NX v23.2.0 Daemon Server] - 2026-09-08T15:29:17.301Z - No in-memory cached project graph found. Recomputing it...
[NX v23.2.0 Daemon Server] - 2026-09-08T15:29:17.301Z - [REQUEST]: Updated workspace context based on watched changes, recomputing project graph...
[NX v23.2.0 Daemon Server] - 2026-09-08T15:29:17.302Z - [REQUEST]: 
[NX v23.2.0 Daemon Server] - 2026-09-08T15:29:17.302Z - [REQUEST]: 
[NX v23.2.0 Daemon Server] - 2026-09-08T15:29:17.302Z - Streaming message to client: progress update for topic graph-construction
[plugin-client] restarting worker for "@nx/playwright/plugin"
[isolated-plugin] spawned worker for "@nx/playwright/plugin" (pid: 42644, socket: \\.\pipe\nx\C:\Users\ichma\AppData\Local\Temp\5dfcbde1\p43972-5-8f1c686a.sock)
[plugin-client] restarting worker for "@nx/eslint/plugin"
[isolated-plugin] spawned worker for "@nx/eslint/plugin" (pid: 19228, socket: \\.\pipe\nx\C:\Users\ichma\AppData\Local\Temp\5dfcbde1\p43972-6-6cd217db.sock)
[plugin-client] restarting worker for "nx/js/dependencies-and-lockfile"
[isolated-plugin] spawned worker for "nx/js/dependencies-and-lockfile" (pid: 8336, socket: \\.\pipe\nx\C:\Users\ichma\AppData\Local\Temp\5dfcbde1\p43972-7-94fc3932.sock)
[plugin-client] restarting worker for "nx/core/package-json"
[isolated-plugin] spawned worker for "nx/core/package-json" (pid: 6908, socket: \\.\pipe\nx\C:\Users\ichma\AppData\Local\Temp\5dfcbde1\p43972-8-5c3a6f42.sock)
[plugin-client] restarting worker for "nx/core/project-json"
[isolated-plugin] spawned worker for "nx/core/project-json" (pid: 11672, socket: \\.\pipe\nx\C:\Users\ichma\AppData\Local\Temp\5dfcbde1\p43972-9-141eb30c.sock)
[NX v23.2.0 Daemon Client] - 2026-09-08T15:29:17.339Z - [Messenger] Received message, length: 47
[plugin-worker] "@nx/playwright/plugin" (pid: 42644) listening on \\.\pipe\nx\C:\Users\ichma\AppData\Local\Temp\5dfcbde1\p43972-5-8f1c686a.sock
[isolated-plugin] connected to worker for "@nx/playwright/plugin" (pid: 42644)
[1m[33mTime taken for 'plugin worker 42644 code loading' 255.1773ms[39m[22m
[plugin-worker] "@nx/playwright/plugin" (pid: 42644) connected
[plugin-worker] "@nx/eslint/plugin" (pid: 19228) listening on \\.\pipe\nx\C:\Users\ichma\AppData\Local\Temp\5dfcbde1\p43972-6-6cd217db.sock
[NX v23.2.0 Daemon Server] - 2026-09-08T15:29:17.595Z - Time taken for 'start-plugin-worker:@nx/playwright/plugin' 291.8159999999916ms
[1m[33mTime taken for 'plugin worker 19228 code loading' 252.5876ms[39m[22m
[plugin-worker] "nx/js/dependencies-and-lockfile" (pid: 8336) listening on \\.\pipe\nx\C:\Users\ichma\AppData\Local\Temp\5dfcbde1\p43972-7-94fc3932.sock
[1m[33mTime taken for 'plugin worker 8336 code loading' 251.3598ms[39m[22m
[plugin-worker] "nx/core/package-json" (pid: 6908) listening on \\.\pipe\nx\C:\Users\ichma\AppData\Local\Temp\5dfcbde1\p43972-8-5c3a6f42.sock
[isolated-plugin] connected to worker for "@nx/eslint/plugin" (pid: 19228)
[isolated-plugin] connected to worker for "nx/js/dependencies-and-lockfile" (pid: 8336)
[isolated-plugin] connected to worker for "nx/core/package-json" (pid: 6908)
[plugin-worker] "nx/js/dependencies-and-lockfile" (pid: 8336) connected
[1m[33mTime taken for 'plugin worker 6908 code loading' 254.23059999999998ms[39m[22m
[plugin-worker] "@nx/eslint/plugin" (pid: 19228) connected
[NX v23.2.0 Daemon Server] - 2026-09-08T15:29:17.611Z - Time taken for 'start-plugin-worker:@nx/eslint/plugin' 300.27649999999267ms
[NX v23.2.0 Daemon Server] - 2026-09-08T15:29:17.611Z - Time taken for 'start-plugin-worker:nx/js/dependencies-and-lockfile' 295.05340000000433ms
[NX v23.2.0 Daemon Server] - 2026-09-08T15:29:17.611Z - Time taken for 'start-plugin-worker:nx/core/package-json' 289.19929999999295ms
[plugin-worker] "nx/core/package-json" (pid: 6908) connected
[plugin-worker] "nx/core/package-json" (pid: 6908) loaded successfully
[1m[33mTime taken for 'nx/core/package-json:createNodes' 1.064200000000028ms[39m[22m
[isolated-plugin] shutting down worker for "nx/core/package-json" after createNodes
[NX v23.2.0 Daemon Server] - 2026-09-08T15:29:17.622Z - Streaming message to client: progress update for topic graph-construction
[NX v23.2.0 Daemon Client] - 2026-09-08T15:29:17.622Z - [Messenger] Received message, length: 203
[plugin-worker] "nx/core/project-json" (pid: 11672) listening on \\.\pipe\nx\C:\Users\ichma\AppData\Local\Temp\5dfcbde1\p43972-9-141eb30c.sock
[1m[33mTime taken for 'plugin worker 11672 code loading' 257.26500000000004ms[39m[22m
[plugin-worker] "nx/js/dependencies-and-lockfile" (pid: 8336) loaded successfully
[isolated-plugin] connected to worker for "nx/core/project-json" (pid: 11672)
[1m[33mTime taken for 'nx/js/dependencies-and-lockfile:createNodes' 4.685900000000004ms[39m[22m
[NX v23.2.0 Daemon Server] - 2026-09-08T15:29:17.637Z - Time taken for 'start-plugin-worker:nx/core/project-json' 309.3295000000071ms
[NX v23.2.0 Daemon Server] - 2026-09-08T15:29:17.638Z - Streaming message to client: progress update for topic graph-construction
[plugin-worker] "nx/core/project-json" (pid: 11672) connected
[NX v23.2.0 Daemon Client] - 2026-09-08T15:29:17.638Z - [Messenger] Received message, length: 166
[plugin-worker] "nx/core/project-json" (pid: 11672) loaded successfully
[1m[33mTime taken for 'nx/core/project-json:createNodes' 0.8753000000000384ms[39m[22m
[isolated-plugin] shutting down worker for "nx/core/project-json" after createNodes
[NX v23.2.0 Daemon Server] - 2026-09-08T15:29:17.643Z - Streaming message to client: progress update for topic graph-construction
[NX v23.2.0 Daemon Client] - 2026-09-08T15:29:17.644Z - [Messenger] Received message, length: 140
[plugin-worker] "@nx/playwright/plugin" (pid: 42644) loaded successfully
[plugin-worker] "@nx/eslint/plugin" (pid: 19228) loaded successfully
[NX v23.2.0 Daemon Server] - 2026-09-08T15:29:17.867Z - Established a connection. Number of open connections: 2
[NX v23.2.0 Daemon Server] - 2026-09-08T15:29:17.867Z - Established a connection. Number of open connections: 3
[NX v23.2.0 Daemon Server] - 2026-09-08T15:29:17.867Z - Closed a connection. Number of open connections: 2
[NX v23.2.0 Daemon Server] - 2026-09-08T15:29:17.868Z - Established a connection. Number of open connections: 3
[NX v23.2.0 Daemon Server] - 2026-09-08T15:29:17.868Z - Closed a connection. Number of open connections: 2
[NX v23.2.0 Daemon Client] - 2026-09-08T15:29:17.867Z - [Messenger] Setting up socket listeners
[NX v23.2.0 Daemon Server] - 2026-09-08T15:29:17.868Z - Established a connection. Number of open connections: 3
[NX v23.2.0 Daemon Client] - 2026-09-08T15:29:17.868Z - [Messenger] listen() complete
[NX v23.2.0 Daemon Client] - 2026-09-08T15:29:17.868Z - [Messenger] Setting up socket listeners
[NX v23.2.0 Daemon Client] - 2026-09-08T15:29:17.869Z - [Messenger] listen() complete
[NX v23.2.0 Daemon Client] - 2026-09-08T15:29:18.149Z - [Messenger] Sending message type: GLOB
[NX v23.2.0 Daemon Client] - 2026-09-08T15:29:18.150Z - [Messenger] Sending message type: HASH_MULTI_GLOB
[NX v23.2.0 Daemon Client] - 2026-09-08T15:29:18.149Z - [Messenger] Message sent
[NX v23.2.0 Daemon Client] - 2026-09-08T15:29:18.150Z - [Messenger] Message sent
[1m[33mTime taken for 'daemon-message-serialization-GLOB' 0.0402000000000271ms[39m[22m
[NX v23.2.0 Daemon Server] - 2026-09-08T15:29:18.151Z - Received raw message of length 129
[NX v23.2.0 Daemon Server] - 2026-09-08T15:29:18.151Z - Received json message of type GLOB
[NX v23.2.0 Daemon Server] - 2026-09-08T15:29:18.151Z - Serializing response for GLOB message in json mode
[NX v23.2.0 Daemon Server] - 2026-09-08T15:29:18.151Z - Responding to GLOB message
[NX v23.2.0 Daemon Server] - 2026-09-08T15:29:18.151Z - [REQUEST]: Responding to the client. handleGlob
[1m[33mTime taken for 'daemon-message-serialization-HASH_MULTI_GLOB' 0.03469999999992979ms[39m[22m
[NX v23.2.0 Daemon Server] - 2026-09-08T15:29:18.151Z - Received raw message of length 143
[NX v23.2.0 Daemon Server] - 2026-09-08T15:29:18.151Z - Received json message of type HASH_MULTI_GLOB
[NX v23.2.0 Daemon Server] - 2026-09-08T15:29:18.151Z - Serializing response for HASH_GLOB message in json mode
[NX v23.2.0 Daemon Server] - 2026-09-08T15:29:18.151Z - Responding to HASH_GLOB message
[NX v23.2.0 Daemon Server] - 2026-09-08T15:29:18.151Z - [REQUEST]: Responding to the client. handleHashMultiGlob
[NX v23.2.0 Daemon Server] - 2026-09-08T15:29:18.151Z - Done responding to the client handleGlob
[NX v23.2.0 Daemon Server] - 2026-09-08T15:29:18.151Z - Handled json message GLOB. Handling time: 0. Response time: 0.
[NX v23.2.0 Daemon Server] - 2026-09-08T15:29:18.151Z - Done responding to the client handleHashMultiGlob
[NX v23.2.0 Daemon Server] - 2026-09-08T15:29:18.151Z - Handled json message HASH_GLOB. Handling time: 0. Response time: 0.
[NX v23.2.0 Daemon Client] - 2026-09-08T15:29:18.150Z - [Messenger] Received message, length: 400
[NX v23.2.0 Daemon Client] - 2026-09-08T15:29:18.151Z - [Messenger] Received message, length: 24
[NX v23.2.0 Daemon Client] - 2026-09-08T15:29:18.152Z - [Messenger] Sending message type: HASH_MULTI_GLOB
[NX v23.2.0 Daemon Client] - 2026-09-08T15:29:18.152Z - [Messenger] Message sent
[1m[33mTime taken for 'GLOB round trip' 2.0124000000000706ms[39m[22m
[1m[33mTime taken for 'deserialize daemon response - GLOB' 0.016500000000064574ms[39m[22m
[1m[33mTime taken for 'daemon-message-serialization-HASH_MULTI_GLOB' 0.020299999999906504ms[39m[22m
[NX v23.2.0 Daemon Server] - 2026-09-08T15:29:18.154Z - Received raw message of length 371
[NX v23.2.0 Daemon Server] - 2026-09-08T15:29:18.154Z - Received json message of type HASH_MULTI_GLOB
[NX v23.2.0 Daemon Server] - 2026-09-08T15:29:18.154Z - Serializing response for HASH_GLOB message in json mode
[NX v23.2.0 Daemon Server] - 2026-09-08T15:29:18.154Z - Responding to HASH_GLOB message
[NX v23.2.0 Daemon Server] - 2026-09-08T15:29:18.154Z - [REQUEST]: Responding to the client. handleHashMultiGlob
[NX v23.2.0 Daemon Server] - 2026-09-08T15:29:18.154Z - Done responding to the client handleHashMultiGlob
[NX v23.2.0 Daemon Server] - 2026-09-08T15:29:18.154Z - Handled json message HASH_GLOB. Handling time: 0. Response time: 0.
[NX v23.2.0 Daemon Client] - 2026-09-08T15:29:18.153Z - [Messenger] Received message, length: 69
[NX v23.2.0 Daemon Client] - 2026-09-08T15:29:18.310Z - [Messenger] Sending message type: GET_FILES_IN_DIRECTORY
[NX v23.2.0 Daemon Client] - 2026-09-08T15:29:18.311Z - [Messenger] Message sent
[1m[33mTime taken for 'HASH_MULTI_GLOB round trip' 1.802500000000009ms[39m[22m
[1m[33mTime taken for 'deserialize daemon response - HASH_MULTI_GLOB' 0.015800000000012915ms[39m[22m
[1m[33mTime taken for 'daemon-message-serialization-GET_FILES_IN_DIRECTORY' 0.022299999999972897ms[39m[22m
[NX v23.2.0 Daemon Server] - 2026-09-08T15:29:18.311Z - Received raw message of length 115
[NX v23.2.0 Daemon Server] - 2026-09-08T15:29:18.311Z - Received json message of type GET_FILES_IN_DIRECTORY
[NX v23.2.0 Daemon Server] - 2026-09-08T15:29:18.312Z - Serializing response for GET_FILES_IN_DIRECTORY message in json mode
[NX v23.2.0 Daemon Server] - 2026-09-08T15:29:18.312Z - Responding to GET_FILES_IN_DIRECTORY message
[NX v23.2.0 Daemon Server] - 2026-09-08T15:29:18.312Z - [REQUEST]: Responding to the client. handleNxWorkspaceFiles
[NX v23.2.0 Daemon Server] - 2026-09-08T15:29:18.312Z - Done responding to the client handleNxWorkspaceFiles
[NX v23.2.0 Daemon Server] - 2026-09-08T15:29:18.312Z - Handled json message GET_FILES_IN_DIRECTORY. Handling time: 1. Response time: 0.
[NX v23.2.0 Daemon Client] - 2026-09-08T15:29:18.312Z - [Messenger] Received message, length: 37
[1m[33mTime taken for '@nx/playwright/plugin:createNodes' 452.32370000000003ms[39m[22m
[1m[33mTime taken for 'GET_FILES_IN_DIRECTORY round trip' 1.5129000000000588ms[39m[22m
[1m[33mTime taken for 'deserialize daemon response - GET_FILES_IN_DIRECTORY' 0.016500000000064574ms[39m[22m
[isolated-plugin] shutting down worker for "@nx/playwright/plugin" after createNodes
[NX v23.2.0 Daemon Server] - 2026-09-08T15:29:18.316Z - Streaming message to client: progress update for topic graph-construction
[NX v23.2.0 Daemon Client] - 2026-09-08T15:29:18.317Z - [Messenger] Received message, length: 98
[1m[33mTime taken for '@nx/eslint/plugin:createNodes' 463.802ms[39m[22m
[1m[33mTime taken for 'HASH_MULTI_GLOB round trip' 1.1545000000000982ms[39m[22m
[1m[33mTime taken for 'deserialize daemon response - HASH_MULTI_GLOB' 0.020200000000045293ms[39m[22m
[isolated-plugin] shutting down worker for "@nx/eslint/plugin" after createNodes
[NX v23.2.0 Daemon Server] - 2026-09-08T15:29:18.329Z - Streaming message to client: progress update for topic graph-construction
[NX v23.2.0 Daemon Server] - 2026-09-08T15:29:18.334Z - Streaming message to client: progress update for topic graph-construction
[NX v23.2.0 Daemon Server] - 2026-09-08T15:29:18.334Z - Time taken for 'build-project-configs' 1029.0503999999928ms
[NX v23.2.0 Daemon Server] - 2026-09-08T15:29:18.335Z - Time taken for 'createNodes:merge' 1.6903000000020256ms
[NX v23.2.0 Daemon Client] - 2026-09-08T15:29:18.335Z - [Messenger] Received message, length: 47
[NX v23.2.0 Daemon Client] - 2026-09-08T15:29:18.336Z - [Messenger] Received message, length: 47
[1m[33mTime taken for 'build typescript dependencies' 0.07709999999997308ms[39m[22m
[isolated-plugin] shutting down worker for "nx/js/dependencies-and-lockfile" after createDependencies
[NX v23.2.0 Daemon Server] - 2026-09-08T15:29:18.341Z - Streaming message to client: progress update for topic graph-construction
[NX v23.2.0 Daemon Server] - 2026-09-08T15:29:18.344Z - [SYNC]: collect registered sync generators
[NX v23.2.0 Daemon Server] - 2026-09-08T15:29:18.344Z - [SYNC]: project graph hash is the same, not collecting task sync generators
[NX v23.2.0 Daemon Server] - 2026-09-08T15:29:18.344Z - [SYNC]: nx.json hash is the same, not collecting global sync generators
[NX v23.2.0 Daemon Server] - 2026-09-08T15:29:18.347Z - Wrote project graph cache to D:\MesProjets\TableUp\source\TURO\.nx\workspace-data\project-graph.json
[NX v23.2.0 Daemon Server] - 2026-09-08T15:29:18.347Z - Serializing response for REQUEST_PROJECT_GRAPH message in json mode
[NX v23.2.0 Daemon Server] - 2026-09-08T15:29:18.348Z - Responding to REQUEST_PROJECT_GRAPH message
[NX v23.2.0 Daemon Server] - 2026-09-08T15:29:18.348Z - [REQUEST]: Responding to the client. project-graph
[NX v23.2.0 Daemon Server] - 2026-09-08T15:29:18.348Z - Time taken for 'total for creating and serializing project graph' 1061.5494999999937ms
[NX v23.2.0 Daemon Server] - 2026-09-08T15:29:18.348Z - Time taken for 'total execution time for createProjectGraph()' 11.431299999996554ms
[NX v23.2.0 Daemon Server] - 2026-09-08T15:29:18.348Z - Time taken for 'createDependencies' 9.074099999997998ms
[NX v23.2.0 Daemon Server] - 2026-09-08T15:29:18.348Z - Time taken for 'nx/js/dependencies-and-lockfile:createDependencies' 8.927200000005541ms
[NX v23.2.0 Daemon Server] - 2026-09-08T15:29:18.348Z - Time taken for 'createMetadata' 0.01959999999962747ms
[NX v23.2.0 Daemon Server] - 2026-09-08T15:29:18.348Z - Time taken for 'serialize graph' 0.9948000000003958ms
[NX v23.2.0 Daemon Server] - 2026-09-08T15:29:18.348Z - Time taken for 'write cache' 3.102900000012596ms
[NX v23.2.0 Daemon Client] - 2026-09-08T15:29:18.348Z - [Messenger] Received message, length: 47
[NX v23.2.0 Daemon Server] - 2026-09-08T15:29:18.348Z - Done responding to the client project-graph
[NX v23.2.0 Daemon Server] - 2026-09-08T15:29:18.348Z - Handled json message REQUEST_PROJECT_GRAPH. Handling time: 1061. Response time: 1.
[NX v23.2.0 Daemon Client] - 2026-09-08T15:29:18.349Z - [Messenger] Received message, length: 403249
[NX v23.2.0 Daemon Server] - 2026-09-08T15:29:18.378Z - Closed a connection. Number of open connections: 2
[NX v23.2.0 Daemon Server] - 2026-09-08T15:29:18.393Z - Closed a connection. Number of open connections: 1
[NX v23.2.0 Daemon Client] - 2026-09-08T15:29:18.675Z - [Messenger] Sending message type: REQUEST_PROJECT_GRAPH
[NX v23.2.0 Daemon Client] - 2026-09-08T15:29:18.676Z - [Messenger] Message sent
[NX v23.2.0 Daemon Server] - 2026-09-08T15:29:18.676Z - Received raw message of length 88
[NX v23.2.0 Daemon Server] - 2026-09-08T15:29:18.676Z - Received json message of type REQUEST_PROJECT_GRAPH
[NX v23.2.0 Daemon Server] - 2026-09-08T15:29:18.676Z - [REQUEST]: Client Request for Project Graph Received
DEBUG nx::native::watch::watcher: force-flush END count=0 replies=1 elapsed=24.0552ms
[NX v23.2.0 Daemon Server] - 2026-09-08T15:29:18.700Z - Reusing in-memory cached project graph because no files changed.
[NX v23.2.0 Daemon Server] - 2026-09-08T15:29:18.700Z - Serializing response for REQUEST_PROJECT_GRAPH message in json mode
[NX v23.2.0 Daemon Server] - 2026-09-08T15:29:18.701Z - Responding to REQUEST_PROJECT_GRAPH message
[NX v23.2.0 Daemon Server] - 2026-09-08T15:29:18.701Z - [REQUEST]: Responding to the client. project-graph
[NX v23.2.0 Daemon Server] - 2026-09-08T15:29:18.702Z - Time taken for 'total for creating and serializing project graph' 24.526599999997416ms
[NX v23.2.0 Daemon Server] - 2026-09-08T15:29:18.702Z - Done responding to the client project-graph
[NX v23.2.0 Daemon Server] - 2026-09-08T15:29:18.702Z - Handled json message REQUEST_PROJECT_GRAPH. Handling time: 24. Response time: 2.
[NX v23.2.0 Daemon Client] - 2026-09-08T15:29:18.702Z - [Messenger] Received message, length: 403249
[NX v23.2.0 Daemon Client] - 2026-09-08T15:29:18.709Z - [Messenger] Sending message type: REQUEST_PROJECT_GRAPH
[NX v23.2.0 Daemon Client] - 2026-09-08T15:29:18.709Z - [Messenger] Message sent
[NX v23.2.0 Daemon Server] - 2026-09-08T15:29:18.709Z - Received raw message of length 88
[NX v23.2.0 Daemon Server] - 2026-09-08T15:29:18.709Z - Received json message of type REQUEST_PROJECT_GRAPH
[NX v23.2.0 Daemon Server] - 2026-09-08T15:29:18.709Z - [REQUEST]: Client Request for Project Graph Received
DEBUG nx::native::watch::watcher: force-flush END count=0 replies=1 elapsed=21.9031ms
[NX v23.2.0 Daemon Server] - 2026-09-08T15:29:18.731Z - Reusing in-memory cached project graph because no files changed.
[NX v23.2.0 Daemon Server] - 2026-09-08T15:29:18.731Z - Serializing response for REQUEST_PROJECT_GRAPH message in json mode
[NX v23.2.0 Daemon Server] - 2026-09-08T15:29:18.731Z - Responding to REQUEST_PROJECT_GRAPH message
[NX v23.2.0 Daemon Server] - 2026-09-08T15:29:18.731Z - [REQUEST]: Responding to the client. project-graph
[NX v23.2.0 Daemon Server] - 2026-09-08T15:29:18.732Z - Time taken for 'total for creating and serializing project graph' 22.134199999985867ms
[NX v23.2.0 Daemon Server] - 2026-09-08T15:29:18.732Z - Done responding to the client project-graph
[NX v23.2.0 Daemon Server] - 2026-09-08T15:29:18.732Z - Handled json message REQUEST_PROJECT_GRAPH. Handling time: 22. Response time: 1.
[NX v23.2.0 Daemon Client] - 2026-09-08T15:29:18.732Z - [Messenger] Received message, length: 403249
[NX v23.2.0 Daemon Server] - 2026-09-08T15:29:28.279Z - Established a connection. Number of open connections: 2
[NX v23.2.0 Daemon Server] - 2026-09-08T15:29:28.279Z - Closed a connection. Number of open connections: 1
[NX v23.2.0 Daemon Server] - 2026-09-08T15:29:28.280Z - Established a connection. Number of open connections: 2
[NX v23.2.0 Daemon Client] - 2026-09-08T15:29:28.280Z - [Messenger] Setting up socket listeners
[NX v23.2.0 Daemon Client] - 2026-09-08T15:29:28.280Z - [Messenger] listen() complete
[NX v23.2.0 Daemon Client] - 2026-09-08T15:29:28.305Z - [Messenger] Sending message type: REQUEST_PROJECT_GRAPH
[NX v23.2.0 Daemon Client] - 2026-09-08T15:29:28.305Z - [Messenger] Message sent
[NX v23.2.0 Daemon Server] - 2026-09-08T15:29:28.306Z - Received raw message of length 4145
[NX v23.2.0 Daemon Server] - 2026-09-08T15:29:28.306Z - Received json message of type REQUEST_PROJECT_GRAPH
[NX v23.2.0 Daemon Server] - 2026-09-08T15:29:28.306Z - Graph recompute necessary due to env variable refresh. Changed keys: NODE_PATH, NX_DRY_RUN, NX_GENERATE_QUIET, NX_INTERACTIVE
[NX v23.2.0 Daemon Server] - 2026-09-08T15:29:28.306Z - [REQUEST]: Client Request for Project Graph Received
DEBUG nx::native::watch::watcher: force-flush END count=0 replies=1 elapsed=12.6747ms
[NX v23.2.0 Daemon Server] - 2026-09-08T15:29:28.319Z - No in-memory cached project graph found. Recomputing it...
[NX v23.2.0 Daemon Server] - 2026-09-08T15:29:28.320Z - [REQUEST]: Updated workspace context based on watched changes, recomputing project graph...
[NX v23.2.0 Daemon Server] - 2026-09-08T15:29:28.320Z - [REQUEST]: 
[NX v23.2.0 Daemon Server] - 2026-09-08T15:29:28.320Z - [REQUEST]: 
[NX v23.2.0 Daemon Server] - 2026-09-08T15:29:28.320Z - Streaming message to client: progress update for topic graph-construction
[plugin-client] restarting worker for "@nx/playwright/plugin"
[isolated-plugin] spawned worker for "@nx/playwright/plugin" (pid: 16232, socket: \\.\pipe\nx\C:\Users\ichma\AppData\Local\Temp\5dfcbde1\p43972-a-790d1c2c.sock)
[plugin-client] restarting worker for "@nx/eslint/plugin"
[isolated-plugin] spawned worker for "@nx/eslint/plugin" (pid: 50672, socket: \\.\pipe\nx\C:\Users\ichma\AppData\Local\Temp\5dfcbde1\p43972-b-52ccd2e3.sock)
[plugin-client] restarting worker for "nx/js/dependencies-and-lockfile"
[isolated-plugin] spawned worker for "nx/js/dependencies-and-lockfile" (pid: 44916, socket: \\.\pipe\nx\C:\Users\ichma\AppData\Local\Temp\5dfcbde1\p43972-c-06a3e5b6.sock)
[plugin-client] restarting worker for "nx/core/package-json"
[isolated-plugin] spawned worker for "nx/core/package-json" (pid: 50612, socket: \\.\pipe\nx\C:\Users\ichma\AppData\Local\Temp\5dfcbde1\p43972-d-28336ecd.sock)
[plugin-client] restarting worker for "nx/core/project-json"
[isolated-plugin] spawned worker for "nx/core/project-json" (pid: 41944, socket: \\.\pipe\nx\C:\Users\ichma\AppData\Local\Temp\5dfcbde1\p43972-e-2c426e3e.sock)
[NX v23.2.0 Daemon Client] - 2026-09-08T15:29:28.355Z - [Messenger] Received message, length: 47
[plugin-worker] "@nx/playwright/plugin" (pid: 16232) listening on \\.\pipe\nx\C:\Users\ichma\AppData\Local\Temp\5dfcbde1\p43972-a-790d1c2c.sock
[isolated-plugin] connected to worker for "@nx/playwright/plugin" (pid: 16232)
[isolated-plugin] connected to worker for "@nx/eslint/plugin" (pid: 50672)
[plugin-worker] "@nx/eslint/plugin" (pid: 50672) listening on \\.\pipe\nx\C:\Users\ichma\AppData\Local\Temp\5dfcbde1\p43972-b-52ccd2e3.sock
[1m[33mTime taken for 'plugin worker 16232 code loading' 256.12ms[39m[22m
[NX v23.2.0 Daemon Server] - 2026-09-08T15:29:28.615Z - Time taken for 'start-plugin-worker:@nx/playwright/plugin' 294.29529999999795ms
[NX v23.2.0 Daemon Server] - 2026-09-08T15:29:28.615Z - Time taken for 'start-plugin-worker:@nx/eslint/plugin' 287.6545000000042ms
[plugin-worker] "@nx/eslint/plugin" (pid: 50672) connected
[plugin-worker] "@nx/playwright/plugin" (pid: 16232) connected
[1m[33mTime taken for 'plugin worker 50672 code loading' 253.18340000000003ms[39m[22m
[plugin-worker] "nx/js/dependencies-and-lockfile" (pid: 44916) listening on \\.\pipe\nx\C:\Users\ichma\AppData\Local\Temp\5dfcbde1\p43972-c-06a3e5b6.sock
[1m[33mTime taken for 'plugin worker 44916 code loading' 252.86330000000004ms[39m[22m
[plugin-worker] "nx/core/package-json" (pid: 50612) listening on \\.\pipe\nx\C:\Users\ichma\AppData\Local\Temp\5dfcbde1\p43972-d-28336ecd.sock
[isolated-plugin] connected to worker for "nx/core/package-json" (pid: 50612)
[isolated-plugin] connected to worker for "nx/js/dependencies-and-lockfile" (pid: 44916)
[NX v23.2.0 Daemon Server] - 2026-09-08T15:29:28.628Z - Time taken for 'start-plugin-worker:nx/js/dependencies-and-lockfile' 294.02099999999336ms
[NX v23.2.0 Daemon Server] - 2026-09-08T15:29:28.628Z - Time taken for 'start-plugin-worker:nx/core/package-json' 287.65439999999944ms
[plugin-worker] "nx/js/dependencies-and-lockfile" (pid: 44916) connected
[1m[33mTime taken for 'plugin worker 50612 code loading' 252.50100000000003ms[39m[22m
[plugin-worker] "nx/core/package-json" (pid: 50612) connected
[plugin-worker] "nx/core/package-json" (pid: 50612) loaded successfully
[plugin-worker] "nx/core/project-json" (pid: 41944) listening on \\.\pipe\nx\C:\Users\ichma\AppData\Local\Temp\5dfcbde1\p43972-e-2c426e3e.sock
[1m[33mTime taken for 'plugin worker 41944 code loading' 255.25310000000002ms[39m[22m
[1m[33mTime taken for 'nx/core/package-json:createNodes' 0.9317000000000348ms[39m[22m
[isolated-plugin] shutting down worker for "nx/core/package-json" after createNodes
[NX v23.2.0 Daemon Server] - 2026-09-08T15:29:28.639Z - Streaming message to client: progress update for topic graph-construction
[NX v23.2.0 Daemon Client] - 2026-09-08T15:29:28.640Z - [Messenger] Received message, length: 203
[plugin-worker] "nx/js/dependencies-and-lockfile" (pid: 44916) loaded successfully
[isolated-plugin] connected to worker for "nx/core/project-json" (pid: 41944)
[NX v23.2.0 Daemon Server] - 2026-09-08T15:29:28.648Z - Time taken for 'start-plugin-worker:nx/core/project-json' 301.73700000000827ms
[plugin-worker] "nx/core/project-json" (pid: 41944) connected
[plugin-worker] "nx/core/project-json" (pid: 41944) loaded successfully
[1m[33mTime taken for 'nx/js/dependencies-and-lockfile:createNodes' 4.166600000000017ms[39m[22m
[NX v23.2.0 Daemon Server] - 2026-09-08T15:29:28.655Z - Streaming message to client: progress update for topic graph-construction
[isolated-plugin] shutting down worker for "nx/core/project-json" after createNodes
[NX v23.2.0 Daemon Server] - 2026-09-08T15:29:28.655Z - Streaming message to client: progress update for topic graph-construction
[NX v23.2.0 Daemon Client] - 2026-09-08T15:29:28.655Z - [Messenger] Received message, length: 166
[NX v23.2.0 Daemon Client] - 2026-09-08T15:29:28.655Z - [Messenger] Received message, length: 140
[plugin-worker] "@nx/eslint/plugin" (pid: 50672) loaded successfully
[plugin-worker] "@nx/playwright/plugin" (pid: 16232) loaded successfully
[NX v23.2.0 Daemon Server] - 2026-09-08T15:29:28.878Z - Established a connection. Number of open connections: 3
[NX v23.2.0 Daemon Server] - 2026-09-08T15:29:28.879Z - Closed a connection. Number of open connections: 2
[NX v23.2.0 Daemon Server] - 2026-09-08T15:29:28.880Z - Established a connection. Number of open connections: 3
[NX v23.2.0 Daemon Client] - 2026-09-08T15:29:28.879Z - [Messenger] Setting up socket listeners
[NX v23.2.0 Daemon Client] - 2026-09-08T15:29:28.880Z - [Messenger] listen() complete
[NX v23.2.0 Daemon Server] - 2026-09-08T15:29:28.883Z - Established a connection. Number of open connections: 4
[NX v23.2.0 Daemon Server] - 2026-09-08T15:29:28.884Z - Closed a connection. Number of open connections: 3
[NX v23.2.0 Daemon Server] - 2026-09-08T15:29:28.885Z - Established a connection. Number of open connections: 4
[NX v23.2.0 Daemon Client] - 2026-09-08T15:29:28.885Z - [Messenger] Setting up socket listeners
[NX v23.2.0 Daemon Client] - 2026-09-08T15:29:28.885Z - [Messenger] listen() complete
[NX v23.2.0 Daemon Client] - 2026-09-08T15:29:29.154Z - [Messenger] Sending message type: HASH_MULTI_GLOB
[NX v23.2.0 Daemon Client] - 2026-09-08T15:29:29.154Z - [Messenger] Sending message type: GLOB
[NX v23.2.0 Daemon Client] - 2026-09-08T15:29:29.155Z - [Messenger] Message sent
[NX v23.2.0 Daemon Client] - 2026-09-08T15:29:29.154Z - [Messenger] Message sent
[1m[33mTime taken for 'daemon-message-serialization-HASH_MULTI_GLOB' 0.04409999999995762ms[39m[22m
[1m[33mTime taken for 'daemon-message-serialization-GLOB' 0.03730000000007294ms[39m[22m
[NX v23.2.0 Daemon Server] - 2026-09-08T15:29:29.155Z - Received raw message of length 143
[NX v23.2.0 Daemon Server] - 2026-09-08T15:29:29.155Z - Received json message of type HASH_MULTI_GLOB
[NX v23.2.0 Daemon Server] - 2026-09-08T15:29:29.156Z - Serializing response for HASH_GLOB message in json mode
[NX v23.2.0 Daemon Server] - 2026-09-08T15:29:29.156Z - Responding to HASH_GLOB message
[NX v23.2.0 Daemon Server] - 2026-09-08T15:29:29.156Z - [REQUEST]: Responding to the client. handleHashMultiGlob
[NX v23.2.0 Daemon Server] - 2026-09-08T15:29:29.156Z - Received raw message of length 129
[NX v23.2.0 Daemon Server] - 2026-09-08T15:29:29.156Z - Received json message of type GLOB
[NX v23.2.0 Daemon Server] - 2026-09-08T15:29:29.156Z - Serializing response for GLOB message in json mode
[NX v23.2.0 Daemon Server] - 2026-09-08T15:29:29.156Z - Responding to GLOB message
[NX v23.2.0 Daemon Server] - 2026-09-08T15:29:29.156Z - [REQUEST]: Responding to the client. handleGlob
[NX v23.2.0 Daemon Server] - 2026-09-08T15:29:29.156Z - Done responding to the client handleHashMultiGlob
[NX v23.2.0 Daemon Server] - 2026-09-08T15:29:29.156Z - Handled json message HASH_GLOB. Handling time: 1. Response time: 0.
[NX v23.2.0 Daemon Server] - 2026-09-08T15:29:29.156Z - Done responding to the client handleGlob
[NX v23.2.0 Daemon Server] - 2026-09-08T15:29:29.156Z - Handled json message GLOB. Handling time: 0. Response time: 0.
[NX v23.2.0 Daemon Client] - 2026-09-08T15:29:29.156Z - [Messenger] Received message, length: 24
[NX v23.2.0 Daemon Client] - 2026-09-08T15:29:29.155Z - [Messenger] Received message, length: 400
[NX v23.2.0 Daemon Client] - 2026-09-08T15:29:29.157Z - [Messenger] Sending message type: HASH_MULTI_GLOB
[NX v23.2.0 Daemon Client] - 2026-09-08T15:29:29.157Z - [Messenger] Message sent
[1m[33mTime taken for 'GLOB round trip' 1.9021999999999935ms[39m[22m
[1m[33mTime taken for 'deserialize daemon response - GLOB' 0.015300000000024738ms[39m[22m
[1m[33mTime taken for 'daemon-message-serialization-HASH_MULTI_GLOB' 0.01850000000001728ms[39m[22m
[NX v23.2.0 Daemon Server] - 2026-09-08T15:29:29.158Z - Received raw message of length 371
[NX v23.2.0 Daemon Server] - 2026-09-08T15:29:29.158Z - Received json message of type HASH_MULTI_GLOB
[NX v23.2.0 Daemon Server] - 2026-09-08T15:29:29.159Z - Serializing response for HASH_GLOB message in json mode
[NX v23.2.0 Daemon Server] - 2026-09-08T15:29:29.159Z - Responding to HASH_GLOB message
[NX v23.2.0 Daemon Server] - 2026-09-08T15:29:29.159Z - [REQUEST]: Responding to the client. handleHashMultiGlob
[NX v23.2.0 Daemon Server] - 2026-09-08T15:29:29.159Z - Done responding to the client handleHashMultiGlob
[NX v23.2.0 Daemon Server] - 2026-09-08T15:29:29.159Z - Handled json message HASH_GLOB. Handling time: 1. Response time: 0.
[NX v23.2.0 Daemon Client] - 2026-09-08T15:29:29.158Z - [Messenger] Received message, length: 69
[NX v23.2.0 Daemon Client] - 2026-09-08T15:29:29.314Z - [Messenger] Sending message type: GET_FILES_IN_DIRECTORY
[NX v23.2.0 Daemon Client] - 2026-09-08T15:29:29.314Z - [Messenger] Message sent
[1m[33mTime taken for 'HASH_MULTI_GLOB round trip' 2.1031000000000404ms[39m[22m
[1m[33mTime taken for 'deserialize daemon response - HASH_MULTI_GLOB' 0.01670000000001437ms[39m[22m
[1m[33mTime taken for 'daemon-message-serialization-GET_FILES_IN_DIRECTORY' 0.024100000000089494ms[39m[22m
[NX v23.2.0 Daemon Server] - 2026-09-08T15:29:29.315Z - Received raw message of length 115
[NX v23.2.0 Daemon Server] - 2026-09-08T15:29:29.315Z - Received json message of type GET_FILES_IN_DIRECTORY
[NX v23.2.0 Daemon Server] - 2026-09-08T15:29:29.315Z - Serializing response for GET_FILES_IN_DIRECTORY message in json mode
[NX v23.2.0 Daemon Server] - 2026-09-08T15:29:29.315Z - Responding to GET_FILES_IN_DIRECTORY message
[NX v23.2.0 Daemon Server] - 2026-09-08T15:29:29.315Z - [REQUEST]: Responding to the client. handleNxWorkspaceFiles
[NX v23.2.0 Daemon Server] - 2026-09-08T15:29:29.315Z - Done responding to the client handleNxWorkspaceFiles
[NX v23.2.0 Daemon Server] - 2026-09-08T15:29:29.315Z - Handled json message GET_FILES_IN_DIRECTORY. Handling time: 0. Response time: 0.
[NX v23.2.0 Daemon Client] - 2026-09-08T15:29:29.316Z - [Messenger] Received message, length: 37
[1m[33mTime taken for '@nx/playwright/plugin:createNodes' 440.3328ms[39m[22m
[1m[33mTime taken for 'GET_FILES_IN_DIRECTORY round trip' 1.780499999999961ms[39m[22m
[1m[33mTime taken for 'deserialize daemon response - GET_FILES_IN_DIRECTORY' 0.019900000000006912ms[39m[22m
[isolated-plugin] shutting down worker for "@nx/playwright/plugin" after createNodes
[NX v23.2.0 Daemon Server] - 2026-09-08T15:29:29.319Z - Streaming message to client: progress update for topic graph-construction
[NX v23.2.0 Daemon Client] - 2026-09-08T15:29:29.320Z - [Messenger] Received message, length: 98
[1m[33mTime taken for '@nx/eslint/plugin:createNodes' 458.05359999999996ms[39m[22m
[1m[33mTime taken for 'HASH_MULTI_GLOB round trip' 1.2358000000000402ms[39m[22m
[1m[33mTime taken for 'deserialize daemon response - HASH_MULTI_GLOB' 0.012600000000020373ms[39m[22m
[isolated-plugin] shutting down worker for "@nx/eslint/plugin" after createNodes
[NX v23.2.0 Daemon Server] - 2026-09-08T15:29:29.334Z - Streaming message to client: progress update for topic graph-construction
[NX v23.2.0 Daemon Server] - 2026-09-08T15:29:29.338Z - Streaming message to client: progress update for topic graph-construction
[NX v23.2.0 Daemon Server] - 2026-09-08T15:29:29.338Z - Time taken for 'build-project-configs' 1015.3957999999984ms
[NX v23.2.0 Daemon Server] - 2026-09-08T15:29:29.338Z - Time taken for 'createNodes:merge' 1.3229999999894062ms
[NX v23.2.0 Daemon Client] - 2026-09-08T15:29:29.339Z - [Messenger] Received message, length: 47
[NX v23.2.0 Daemon Client] - 2026-09-08T15:29:29.339Z - [Messenger] Received message, length: 47
[1m[33mTime taken for 'build typescript dependencies' 0.07899999999995089ms[39m[22m
[isolated-plugin] shutting down worker for "nx/js/dependencies-and-lockfile" after createDependencies
[NX v23.2.0 Daemon Server] - 2026-09-08T15:29:29.343Z - Streaming message to client: progress update for topic graph-construction
[NX v23.2.0 Daemon Server] - 2026-09-08T15:29:29.345Z - [SYNC]: collect registered sync generators
[NX v23.2.0 Daemon Server] - 2026-09-08T15:29:29.346Z - [SYNC]: project graph hash is the same, not collecting task sync generators
[NX v23.2.0 Daemon Server] - 2026-09-08T15:29:29.346Z - [SYNC]: nx.json hash is the same, not collecting global sync generators
[NX v23.2.0 Daemon Server] - 2026-09-08T15:29:29.349Z - Wrote project graph cache to D:\MesProjets\TableUp\source\TURO\.nx\workspace-data\project-graph.json
[NX v23.2.0 Daemon Server] - 2026-09-08T15:29:29.349Z - Serializing response for REQUEST_PROJECT_GRAPH message in json mode
[NX v23.2.0 Daemon Server] - 2026-09-08T15:29:29.349Z - Responding to REQUEST_PROJECT_GRAPH message
[NX v23.2.0 Daemon Server] - 2026-09-08T15:29:29.349Z - [REQUEST]: Responding to the client. project-graph
[NX v23.2.0 Daemon Server] - 2026-09-08T15:29:29.349Z - Time taken for 'total for creating and serializing project graph' 1043.0051999999996ms
[NX v23.2.0 Daemon Server] - 2026-09-08T15:29:29.349Z - Time taken for 'total execution time for createProjectGraph()' 8.360599999999977ms
[NX v23.2.0 Daemon Server] - 2026-09-08T15:29:29.349Z - Time taken for 'createDependencies' 6.565199999997276ms
[NX v23.2.0 Daemon Server] - 2026-09-08T15:29:29.349Z - Time taken for 'nx/js/dependencies-and-lockfile:createDependencies' 6.471499999999651ms
[NX v23.2.0 Daemon Server] - 2026-09-08T15:29:29.349Z - Time taken for 'createMetadata' 0.006799999988288619ms
[NX v23.2.0 Daemon Server] - 2026-09-08T15:29:29.349Z - Time taken for 'serialize graph' 0.9541000000026543ms
[NX v23.2.0 Daemon Server] - 2026-09-08T15:29:29.349Z - Time taken for 'write cache' 3.3621000000130152ms
[NX v23.2.0 Daemon Client] - 2026-09-08T15:29:29.350Z - [Messenger] Received message, length: 47
[NX v23.2.0 Daemon Server] - 2026-09-08T15:29:29.350Z - Done responding to the client project-graph
[NX v23.2.0 Daemon Server] - 2026-09-08T15:29:29.350Z - Handled json message REQUEST_PROJECT_GRAPH. Handling time: 1043. Response time: 1.
[NX v23.2.0 Daemon Client] - 2026-09-08T15:29:29.350Z - [Messenger] Received message, length: 403249
[NX v23.2.0 Daemon Client] - 2026-09-08T15:29:29.353Z - [Messenger] Sending message type: MULTI_GLOB
[NX v23.2.0 Daemon Client] - 2026-09-08T15:29:29.353Z - [Messenger] Message sent
[NX v23.2.0 Daemon Server] - 2026-09-08T15:29:29.354Z - Received raw message of length 137
[NX v23.2.0 Daemon Server] - 2026-09-08T15:29:29.354Z - Received json message of type MULTI_GLOB
[NX v23.2.0 Daemon Server] - 2026-09-08T15:29:29.354Z - Serializing response for MULTI_GLOB message in json mode
[NX v23.2.0 Daemon Server] - 2026-09-08T15:29:29.354Z - Responding to MULTI_GLOB message
[NX v23.2.0 Daemon Server] - 2026-09-08T15:29:29.354Z - [REQUEST]: Responding to the client. handleMultiGlob
[NX v23.2.0 Daemon Server] - 2026-09-08T15:29:29.354Z - Done responding to the client handleMultiGlob
[NX v23.2.0 Daemon Server] - 2026-09-08T15:29:29.354Z - Handled json message MULTI_GLOB. Handling time: 0. Response time: 0.
[NX v23.2.0 Daemon Client] - 2026-09-08T15:29:29.355Z - [Messenger] Received message, length: 4
[NX v23.2.0 Daemon Client] - 2026-09-08T15:29:29.355Z - [Messenger] Sending message type: MULTI_GLOB
[NX v23.2.0 Daemon Client] - 2026-09-08T15:29:29.355Z - [Messenger] Message sent
[NX v23.2.0 Daemon Server] - 2026-09-08T15:29:29.356Z - Received raw message of length 88
[NX v23.2.0 Daemon Server] - 2026-09-08T15:29:29.356Z - Received json message of type MULTI_GLOB
[NX v23.2.0 Daemon Server] - 2026-09-08T15:29:29.356Z - Serializing response for MULTI_GLOB message in json mode
[NX v23.2.0 Daemon Server] - 2026-09-08T15:29:29.356Z - Responding to MULTI_GLOB message
[NX v23.2.0 Daemon Server] - 2026-09-08T15:29:29.356Z - [REQUEST]: Responding to the client. handleMultiGlob
[NX v23.2.0 Daemon Server] - 2026-09-08T15:29:29.356Z - Done responding to the client handleMultiGlob
[NX v23.2.0 Daemon Server] - 2026-09-08T15:29:29.356Z - Handled json message MULTI_GLOB. Handling time: 0. Response time: 0.
[NX v23.2.0 Daemon Client] - 2026-09-08T15:29:29.356Z - [Messenger] Received message, length: 2
[NX v23.2.0 Daemon Server] - 2026-09-08T15:29:29.387Z - Closed a connection. Number of open connections: 3
[NX v23.2.0 Daemon Server] - 2026-09-08T15:29:29.400Z - Closed a connection. Number of open connections: 2
DEBUG nx::native::watch::watcher: registering watches for new directories dirs=["D:\\MesProjets\\TableUp\\source\\TURO\\libs"]
DEBUG nx::native::watch::watcher: registering watches for new directories dirs=["D:\\MesProjets\\TableUp\\source\\TURO\\libs"]
DEBUG nx::native::watch::watcher: idle-window emitting events count=12
DEBUG nx::native::watch::watcher: idle-window emitting events count=12
DEBUG nx::native::watch::watcher:   [update] nx.json
DEBUG nx::native::watch::watcher:   [update] package.json
DEBUG nx::native::watch::watcher:   [create] libs/domain/project.json
DEBUG nx::native::watch::watcher:   [create] libs/domain/tsconfig.lib.json
DEBUG nx::native::watch::watcher:   [create] libs/domain/tsconfig.spec.json
DEBUG nx::native::watch::watcher:   [create] libs/domain/README.md
DEBUG nx::native::watch::watcher:   [update] tsconfig.base.json
DEBUG nx::native::watch::watcher:   [update] nx.json
DEBUG nx::native::watch::watcher:   [create] libs/domain/eslint.config.mjs
DEBUG nx::native::watch::watcher:   [update] tsconfig.base.json
DEBUG nx::native::watch::watcher:   [update] eslint.config.mjs
DEBUG nx::native::watch::watcher:   [create] libs/domain/tsconfig.spec.json
DEBUG nx::native::watch::watcher:   [create] libs/domain/tsconfig.lib.json
DEBUG nx::native::watch::watcher:   [create] vitest.config.mts
DEBUG nx::native::watch::watcher:   [create] libs/domain/vitest.config.mts
DEBUG nx::native::watch::watcher:   [create] libs/domain/project.json
DEBUG nx::native::watch::watcher:   [update] package.json
DEBUG nx::native::watch::watcher:   [update] eslint.config.mjs
DEBUG nx::native::watch::watcher:   [create] .gitignore
DEBUG nx::native::watch::watcher:   [create] libs/domain/eslint.config.mjs
DEBUG nx::native::watch::watcher:   [create] libs/domain/README.md
DEBUG nx::native::watch::watcher:   [create] libs/domain/vitest.config.mts
DEBUG nx::native::watch::watcher:   [create] vitest.config.mts
DEBUG nx::native::watch::watcher:   [create] .gitignore
[NX v23.2.0 Daemon Server] - 2026-09-08T15:29:29.620Z - [WATCHER]: 8 file(s) created or restored, 4 file(s) modified, 0 file(s) deleted
[NX v23.2.0 Daemon Server] - 2026-09-08T15:29:29.620Z - [WATCHER]: [watcher] routeWorkspaceChanges batch: 12 events: update:nx.json, create:libs/domain/project.json, create:libs/domain/tsconfig.spec.json, update:tsconfig.base.json, create:libs/domain/eslint.config.mjs, update:eslint.config.mjs, create:libs/domain/tsconfig.lib.json, create:libs/domain/vitest.config.mts, update:package.json, create:.gitignore, create:libs/domain/README.md, create:vitest.config.mts
[NX v23.2.0 Daemon Server] - 2026-09-08T15:29:29.620Z - [WATCHER]: File changes detected:
Created:
  - libs/domain/project.json
  - libs/domain/tsconfig.spec.json
  - libs/domain/eslint.config.mjs
  - libs/domain/tsconfig.lib.json
  - libs/domain/vitest.config.mts
  - .gitignore
  - libs/domain/README.md
  - vitest.config.mts
Updated:
  - nx.json
  - tsconfig.base.json
  - eslint.config.mjs
  - package.json
Deleted:
(none)
[NX v23.2.0 Daemon Server] - 2026-09-08T15:29:29.622Z - [SYNC]: clearing sync generators cache due to file changes
[isolated-plugin] spawned worker for "@nx/playwright/plugin" (pid: 49604, socket: \\.\pipe\nx\C:\Users\ichma\AppData\Local\Temp\5dfcbde1\p43972-f-12c36d4c.sock)
[isolated-plugin] spawned worker for "@nx/eslint/plugin" (pid: 12988, socket: \\.\pipe\nx\C:\Users\ichma\AppData\Local\Temp\5dfcbde1\p43972-g-b36f8578.sock)
DEBUG nx::native::watch::watcher: watching stopped origin=D:\MesProjets\TableUp\source\TURO
[plugin-client] restarting worker for "nx/js/dependencies-and-lockfile"
[isolated-plugin] spawned worker for "nx/js/dependencies-and-lockfile" (pid: 39532, socket: \\.\pipe\nx\C:\Users\ichma\AppData\Local\Temp\5dfcbde1\p43972-h-8f41db11.sock)
[plugin-client] restarting worker for "nx/core/package-json"
[isolated-plugin] spawned worker for "nx/core/package-json" (pid: 37664, socket: \\.\pipe\nx\C:\Users\ichma\AppData\Local\Temp\5dfcbde1\p43972-i-e913fc97.sock)
[plugin-client] restarting worker for "nx/core/project-json"
[isolated-plugin] spawned worker for "nx/core/project-json" (pid: 12256, socket: \\.\pipe\nx\C:\Users\ichma\AppData\Local\Temp\5dfcbde1\p43972-j-e4ad2243.sock)
[NX v23.2.0 Daemon Server] - 2026-09-08T15:29:29.663Z - [WATCHER]: Processing file changes in outputs
[NX v23.2.0 Daemon Server] - 2026-09-08T15:29:29.664Z - Time taken for 'hash changed files from watcher' 1.3585999999922933ms
[NX v23.2.0 Daemon Server] - 2026-09-08T15:29:29.665Z - [WATCHER]: Stopping the watcher for D:\MesProjets\TableUp\source\TURO (sources)
[NX v23.2.0 Daemon Server] - 2026-09-08T15:29:29.665Z - Closed a connection. Number of open connections: 1
DEBUG nx::native::watch::watcher: watching stopped origin=D:\MesProjets\TableUp\source\TURO
[NX v23.2.0 Daemon Server] - 2026-09-08T15:29:29.665Z - Closed a connection. Number of open connections: 0
[NX v23.2.0 Daemon Server] - 2026-09-08T15:29:29.666Z - [WATCHER]: Stopping the watcher for D:\MesProjets\TableUp\source\TURO (outputs)
[NX v23.2.0 Daemon Server] - 2026-09-08T15:29:29.666Z - [LATEST-NX]: Cleaning up latest Nx installation from C:\Users\ichma\AppData\Local\Temp\tmp-43972-LT3Tx1W1GoNS
[NX v23.2.0 Daemon Server] - 2026-09-08T15:29:29.667Z - Server stopped because: "Stopping the daemon the set of ignored files changed (native)"
[NX v23.2.0 Daemon Client] - 2026-09-08T15:39:50.319Z - [Client] Starting new daemon server in background
[NX v23.2.0 Daemon Client] - 2026-09-08T15:39:50.363Z - [Client] Waiting for server (max: 6000 attempts, 10ms interval)
DEBUG nx::native::watch::watcher: watching started origin=D:\MesProjets\TableUp\source\TURO
[NX v23.2.0 Daemon Server] - 2026-09-08T15:39:50.637Z - [WATCHER]: Subscribed to changes within: D:\MesProjets\TableUp\source\TURO (native)
[NX v23.2.0 Daemon Server] - 2026-09-08T15:39:50.640Z - New daemon starting from: D:\MesProjets\TableUp\source\TURO\node_modules\nx\dist\src\daemon\server\server.js
[NX v23.2.0 Daemon Server] - 2026-09-08T15:39:50.640Z - New daemon __dirname: D:\MesProjets\TableUp\source\TURO\node_modules\nx\dist\src\daemon\server
[NX v23.2.0 Daemon Server] - 2026-09-08T15:39:50.640Z - New daemon nxVersion: 23.2.0
[NX v23.2.0 Daemon Server] - 2026-09-08T15:39:50.641Z - New daemon getInstalledNxVersion(): 23.2.0
[NX v23.2.0 Daemon Server] - 2026-09-08T15:39:50.642Z - Time taken for 'workspace context init' 0.20429999999998927ms
[NX v23.2.0 Daemon Server] - 2026-09-08T15:39:50.643Z - [Server] Starting outdated check interval (20ms)
[NX v23.2.0 Daemon Server] - 2026-09-08T15:39:50.643Z - Started listening on: \\.\pipe\nx\C:\Users\ichma\AppData\Local\Temp\495ac775501541970f39\d.sock
[NX v23.2.0 Daemon Client] - 2026-09-08T15:39:50.647Z - [Client] Server available
[NX v23.2.0 Daemon Client] - 2026-09-08T15:39:50.647Z - [Client] Daemon server started, pid=44256
[NX v23.2.0 Daemon Client] - 2026-09-08T15:39:50.647Z - [Messenger] Setting up socket listeners
DEBUG nx::native::watch::watcher: watching started origin=D:\MesProjets\TableUp\source\TURO
[NX v23.2.0 Daemon Client] - 2026-09-08T15:39:50.648Z - [Messenger] listen() complete
[NX v23.2.0 Daemon Server] - 2026-09-08T15:39:50.651Z - [LATEST-NX]: Pulling latest Nx...
[NX v23.2.0 Daemon Server] - 2026-09-08T15:39:50.872Z - [AI-AGENTS]: Starting agent configuration status computation
[NX v23.2.0 Daemon Client] - 2026-09-08T15:39:50.905Z - [Messenger] Sending message type: REQUEST_PROJECT_GRAPH
[NX v23.2.0 Daemon Client] - 2026-09-08T15:39:50.906Z - [Messenger] Message sent
[isolated-plugin] spawned worker for "D:\MesProjets\TableUp\source\TURO\node_modules\nx\dist\src\plugins\js" (pid: 56408, socket: \\.\pipe\nx\C:\Users\ichma\AppData\Local\Temp\5dfcbde1\p44256-0-31bef1c5.sock)
[isolated-plugin] spawned worker for "D:\MesProjets\TableUp\source\TURO\node_modules\nx\dist\src\plugins\package-json" (pid: 43116, socket: \\.\pipe\nx\C:\Users\ichma\AppData\Local\Temp\5dfcbde1\p44256-1-10bb4267.sock)
[isolated-plugin] spawned worker for "D:\MesProjets\TableUp\source\TURO\node_modules\nx\dist\src\plugins\project-json\build-nodes\project-json" (pid: 35120, socket: \\.\pipe\nx\C:\Users\ichma\AppData\Local\Temp\5dfcbde1\p44256-2-eac870cb.sock)
[isolated-plugin] spawned worker for "@nx/playwright/plugin" (pid: 43744, socket: \\.\pipe\nx\C:\Users\ichma\AppData\Local\Temp\5dfcbde1\p44256-3-ba559739.sock)
[isolated-plugin] spawned worker for "@nx/eslint/plugin" (pid: 33280, socket: \\.\pipe\nx\C:\Users\ichma\AppData\Local\Temp\5dfcbde1\p44256-4-1b331bc2.sock)
[isolated-plugin] spawned worker for "@nx/vitest" (pid: 43504, socket: \\.\pipe\nx\C:\Users\ichma\AppData\Local\Temp\5dfcbde1\p44256-5-4d0f446f.sock)
[NX v23.2.0 Daemon Server] - 2026-09-08T15:39:50.955Z - Time taken for 'hash changed files from watcher' 0.009000000000014552ms
[NX v23.2.0 Daemon Server] - 2026-09-08T15:39:50.958Z - Established a connection. Number of open connections: 1
[NX v23.2.0 Daemon Server] - 2026-09-08T15:39:50.959Z - Established a connection. Number of open connections: 2
[NX v23.2.0 Daemon Server] - 2026-09-08T15:39:50.959Z - Closed a connection. Number of open connections: 1
[NX v23.2.0 Daemon Server] - 2026-09-08T15:39:50.960Z - Received raw message of length 3925
[NX v23.2.0 Daemon Server] - 2026-09-08T15:39:50.960Z - Received json message of type REQUEST_PROJECT_GRAPH
[NX v23.2.0 Daemon Server] - 2026-09-08T15:39:50.960Z - [REQUEST]: Client Request for Project Graph Received
DEBUG nx::native::watch::watcher: force-flush END count=0 replies=1 elapsed=10.3189ms
[NX v23.2.0 Daemon Server] - 2026-09-08T15:39:50.971Z - Reusing in-memory cached project graph because no files changed.
[plugin-worker] "D:\MesProjets\TableUp\source\TURO\node_modules\nx\dist\src\plugins\js" (pid: 56408) listening on \\.\pipe\nx\C:\Users\ichma\AppData\Local\Temp\5dfcbde1\p44256-0-31bef1c5.sock
[isolated-plugin] connected to worker for "D:\MesProjets\TableUp\source\TURO\node_modules\nx\dist\src\plugins\js" (pid: 56408)
[1m[33mTime taken for 'plugin worker 56408 code loading' 254.0107ms[39m[22m
[plugin-worker] "D:\MesProjets\TableUp\source\TURO\node_modules\nx\dist\src\plugins\js" (pid: 56408) connected
[NX v23.2.0 Daemon Server] - 2026-09-08T15:39:51.206Z - Time taken for 'start-plugin-worker:D:\MesProjets\TableUp\source\TURO\node_modules\nx\dist\src\plugins\js' 332.40530000000007ms
[plugin-worker] "D:\MesProjets\TableUp\source\TURO\node_modules\nx\dist\src\plugins\package-json" (pid: 43116) listening on \\.\pipe\nx\C:\Users\ichma\AppData\Local\Temp\5dfcbde1\p44256-1-10bb4267.sock
[1m[33mTime taken for 'plugin worker 43116 code loading' 251.382ms[39m[22m
[plugin-worker] "D:\MesProjets\TableUp\source\TURO\node_modules\nx\dist\src\plugins\project-json\build-nodes\project-json" (pid: 35120) listening on \\.\pipe\nx\C:\Users\ichma\AppData\Local\Temp\5dfcbde1\p44256-2-eac870cb.sock
[isolated-plugin] connected to worker for "D:\MesProjets\TableUp\source\TURO\node_modules\nx\dist\src\plugins\package-json" (pid: 43116)
[isolated-plugin] connected to worker for "D:\MesProjets\TableUp\source\TURO\node_modules\nx\dist\src\plugins\project-json\build-nodes\project-json" (pid: 35120)
[1m[33mTime taken for 'plugin worker 35120 code loading' 252.8019ms[39m[22m
[plugin-worker] "D:\MesProjets\TableUp\source\TURO\node_modules\nx\dist\src\plugins\package-json" (pid: 43116) connected
[NX v23.2.0 Daemon Server] - 2026-09-08T15:39:51.218Z - Time taken for 'start-plugin-worker:D:\MesProjets\TableUp\source\TURO\node_modules\nx\dist\src\plugins\package-json' 296.54960000000005ms
[NX v23.2.0 Daemon Server] - 2026-09-08T15:39:51.218Z - Time taken for 'start-plugin-worker:D:\MesProjets\TableUp\source\TURO\node_modules\nx\dist\src\plugins\project-json\build-nodes\project-json' 290.58259999999996ms
[plugin-worker] "D:\MesProjets\TableUp\source\TURO\node_modules\nx\dist\src\plugins\project-json\build-nodes\project-json" (pid: 35120) connected
[plugin-worker] "@nx/playwright/plugin" (pid: 43744) listening on \\.\pipe\nx\C:\Users\ichma\AppData\Local\Temp\5dfcbde1\p44256-3-ba559739.sock
[1m[33mTime taken for 'plugin worker 43744 code loading' 249.2268ms[39m[22m
[plugin-worker] "D:\MesProjets\TableUp\source\TURO\node_modules\nx\dist\src\plugins\project-json\build-nodes\project-json" (pid: 35120) loaded successfully
[NX v23.2.0 Daemon Server] - 2026-09-08T15:39:51.224Z - Time taken for 'Load Nx Plugin: D:\MesProjets\TableUp\source\TURO\node_modules\nx\dist\src\plugins\project-json\build-nodes\project-json' 575.007ms
[plugin-worker] "D:\MesProjets\TableUp\source\TURO\node_modules\nx\dist\src\plugins\package-json" (pid: 43116) loaded successfully
[NX v23.2.0 Daemon Server] - 2026-09-08T15:39:51.226Z - Time taken for 'Load Nx Plugin: D:\MesProjets\TableUp\source\TURO\node_modules\nx\dist\src\plugins\package-json' 577.2884ms
[plugin-worker] "D:\MesProjets\TableUp\source\TURO\node_modules\nx\dist\src\plugins\js" (pid: 56408) loaded successfully
[isolated-plugin] connected to worker for "@nx/playwright/plugin" (pid: 43744)
[NX v23.2.0 Daemon Server] - 2026-09-08T15:39:51.228Z - Time taken for 'start-plugin-worker:@nx/playwright/plugin' 293.83209999999997ms
[NX v23.2.0 Daemon Server] - 2026-09-08T15:39:51.228Z - Time taken for 'loadDefaultNxPlugins' 580.0112ms
[NX v23.2.0 Daemon Server] - 2026-09-08T15:39:51.228Z - Time taken for 'Load Nx Plugin: D:\MesProjets\TableUp\source\TURO\node_modules\nx\dist\src\plugins\js' 579.8344999999999ms
[plugin-worker] "@nx/playwright/plugin" (pid: 43744) connected
[plugin-worker] "@nx/eslint/plugin" (pid: 33280) listening on \\.\pipe\nx\C:\Users\ichma\AppData\Local\Temp\5dfcbde1\p44256-4-1b331bc2.sock
[1m[33mTime taken for 'plugin worker 33280 code loading' 251.2996ms[39m[22m
[plugin-worker] "@nx/vitest" (pid: 43504) listening on \\.\pipe\nx\C:\Users\ichma\AppData\Local\Temp\5dfcbde1\p44256-5-4d0f446f.sock
[1m[33mTime taken for 'plugin worker 43504 code loading' 249.2144ms[39m[22m
[isolated-plugin] connected to worker for "@nx/vitest" (pid: 43504)
[isolated-plugin] connected to worker for "@nx/eslint/plugin" (pid: 33280)
[plugin-worker] "@nx/vitest" (pid: 43504) connected
[NX v23.2.0 Daemon Server] - 2026-09-08T15:39:51.239Z - Time taken for 'start-plugin-worker:@nx/eslint/plugin' 297.69679999999994ms
[NX v23.2.0 Daemon Server] - 2026-09-08T15:39:51.239Z - Time taken for 'start-plugin-worker:@nx/vitest' 290.76869999999997ms
[plugin-worker] "@nx/eslint/plugin" (pid: 33280) connected
[plugin-worker] "@nx/eslint/plugin" (pid: 33280) loaded successfully
[NX v23.2.0 Daemon Server] - 2026-09-08T15:39:51.512Z - Time taken for 'Load Nx Plugin: @nx/eslint/plugin' 861.6399000000001ms
[plugin-worker] "@nx/playwright/plugin" (pid: 43744) loaded successfully
[NX v23.2.0 Daemon Server] - 2026-09-08T15:39:51.515Z - Time taken for 'Load Nx Plugin: @nx/playwright/plugin' 866.0688ms
[plugin-worker] "@nx/vitest" (pid: 43504) loaded successfully
[NX v23.2.0 Daemon Server] - 2026-09-08T15:39:51.525Z - [REQUEST]: Updated workspace context based on watched changes, recomputing project graph...
[NX v23.2.0 Daemon Server] - 2026-09-08T15:39:51.525Z - [REQUEST]: 
[NX v23.2.0 Daemon Server] - 2026-09-08T15:39:51.525Z - [REQUEST]: 
[NX v23.2.0 Daemon Server] - 2026-09-08T15:39:51.527Z - Streaming message to client: progress update for topic graph-construction
[NX v23.2.0 Daemon Server] - 2026-09-08T15:39:51.527Z - Time taken for 'loadSpecifiedNxPlugins' 874.926ms
[NX v23.2.0 Daemon Server] - 2026-09-08T15:39:51.527Z - Time taken for 'Load Nx Plugin: @nx/vitest' 873.7512999999999ms
[NX v23.2.0 Daemon Client] - 2026-09-08T15:39:51.528Z - [Messenger] Received message, length: 47
[1m[33mTime taken for 'nx/core/project-json:createNodes' 1.3374000000000024ms[39m[22m
[1m[33mTime taken for 'nx/core/package-json:createNodes' 1.495900000000006ms[39m[22m
[isolated-plugin] shutting down worker for "nx/core/project-json" after createNodes
[NX v23.2.0 Daemon Server] - 2026-09-08T15:39:51.530Z - Streaming message to client: progress update for topic graph-construction
[isolated-plugin] shutting down worker for "nx/core/package-json" after createNodes
[NX v23.2.0 Daemon Server] - 2026-09-08T15:39:51.530Z - Streaming message to client: progress update for topic graph-construction
[NX v23.2.0 Daemon Client] - 2026-09-08T15:39:51.531Z - [Messenger] Received message, length: 219
[NX v23.2.0 Daemon Client] - 2026-09-08T15:39:51.531Z - [Messenger] Received message, length: 193
[NX v23.2.0 Daemon Server] - 2026-09-08T15:39:51.532Z - Established a connection. Number of open connections: 2
[NX v23.2.0 Daemon Server] - 2026-09-08T15:39:51.532Z - Closed a connection. Number of open connections: 1
[NX v23.2.0 Daemon Server] - 2026-09-08T15:39:51.532Z - Established a connection. Number of open connections: 2
[NX v23.2.0 Daemon Server] - 2026-09-08T15:39:51.532Z - Closed a connection. Number of open connections: 1
[NX v23.2.0 Daemon Server] - 2026-09-08T15:39:51.532Z - Established a connection. Number of open connections: 2
[NX v23.2.0 Daemon Server] - 2026-09-08T15:39:51.532Z - Established a connection. Number of open connections: 3
[NX v23.2.0 Daemon Server] - 2026-09-08T15:39:51.532Z - Closed a connection. Number of open connections: 2
[NX v23.2.0 Daemon Server] - 2026-09-08T15:39:51.533Z - Established a connection. Number of open connections: 3
[NX v23.2.0 Daemon Server] - 2026-09-08T15:39:51.533Z - Established a connection. Number of open connections: 4
[NX v23.2.0 Daemon Client] - 2026-09-08T15:39:51.533Z - [Messenger] Setting up socket listeners
[NX v23.2.0 Daemon Client] - 2026-09-08T15:39:51.534Z - [Messenger] listen() complete
[NX v23.2.0 Daemon Client] - 2026-09-08T15:39:51.533Z - [Messenger] Setting up socket listeners
[NX v23.2.0 Daemon Client] - 2026-09-08T15:39:51.534Z - [Messenger] listen() complete
[NX v23.2.0 Daemon Client] - 2026-09-08T15:39:51.533Z - [Messenger] Setting up socket listeners
[NX v23.2.0 Daemon Client] - 2026-09-08T15:39:51.534Z - [Messenger] listen() complete
[1m[33mTime taken for 'nx/js/dependencies-and-lockfile:createNodes' 10.538000000000011ms[39m[22m
[NX v23.2.0 Daemon Server] - 2026-09-08T15:39:51.540Z - Streaming message to client: progress update for topic graph-construction
[NX v23.2.0 Daemon Client] - 2026-09-08T15:39:51.541Z - [Messenger] Received message, length: 156
Fetching nx...
[NX v23.2.0 Daemon Client] - 2026-09-08T15:39:51.879Z - [Messenger] Sending message type: HASH_MULTI_GLOB
[NX v23.2.0 Daemon Client] - 2026-09-08T15:39:51.879Z - [Messenger] Message sent
[NX v23.2.0 Daemon Client] - 2026-09-08T15:39:51.888Z - [Messenger] Sending message type: HASH_MULTI_GLOB
[NX v23.2.0 Daemon Client] - 2026-09-08T15:39:51.889Z - [Messenger] Message sent
[NX v23.2.0 Daemon Client] - 2026-09-08T15:39:51.889Z - [Messenger] Sending message type: GLOB
[NX v23.2.0 Daemon Client] - 2026-09-08T15:39:51.890Z - [Messenger] Message sent
[NX v23.2.0 Daemon Server] - 2026-09-08T15:39:52.050Z - Received raw message of length 171
[NX v23.2.0 Daemon Server] - 2026-09-08T15:39:52.050Z - Received json message of type HASH_MULTI_GLOB
[NX v23.2.0 Daemon Server] - 2026-09-08T15:39:52.051Z - Serializing response for HASH_GLOB message in json mode
[NX v23.2.0 Daemon Server] - 2026-09-08T15:39:52.051Z - Responding to HASH_GLOB message
[NX v23.2.0 Daemon Server] - 2026-09-08T15:39:52.051Z - [REQUEST]: Responding to the client. handleHashMultiGlob
[1m[33mTime taken for 'daemon-message-serialization-HASH_MULTI_GLOB' 0.0522000000000844ms[39m[22m
[NX v23.2.0 Daemon Server] - 2026-09-08T15:39:52.051Z - Received raw message of length 143
[NX v23.2.0 Daemon Server] - 2026-09-08T15:39:52.051Z - Received json message of type HASH_MULTI_GLOB
[NX v23.2.0 Daemon Server] - 2026-09-08T15:39:52.052Z - Serializing response for HASH_GLOB message in json mode
[NX v23.2.0 Daemon Server] - 2026-09-08T15:39:52.052Z - Responding to HASH_GLOB message
[NX v23.2.0 Daemon Server] - 2026-09-08T15:39:52.052Z - [REQUEST]: Responding to the client. handleHashMultiGlob
[1m[33mTime taken for 'daemon-message-serialization-HASH_MULTI_GLOB' 0.04100000000005366ms[39m[22m
[NX v23.2.0 Daemon Server] - 2026-09-08T15:39:52.052Z - Received raw message of length 129
[NX v23.2.0 Daemon Server] - 2026-09-08T15:39:52.052Z - Received json message of type GLOB
[NX v23.2.0 Daemon Server] - 2026-09-08T15:39:52.052Z - Serializing response for GLOB message in json mode
[NX v23.2.0 Daemon Server] - 2026-09-08T15:39:52.052Z - Responding to GLOB message
[NX v23.2.0 Daemon Server] - 2026-09-08T15:39:52.052Z - [REQUEST]: Responding to the client. handleGlob
[1m[33mTime taken for 'daemon-message-serialization-GLOB' 0.036200000000008004ms[39m[22m
[NX v23.2.0 Daemon Server] - 2026-09-08T15:39:52.053Z - Done responding to the client handleHashMultiGlob
[NX v23.2.0 Daemon Server] - 2026-09-08T15:39:52.053Z - Handled json message HASH_GLOB. Handling time: 1. Response time: 2.
[NX v23.2.0 Daemon Server] - 2026-09-08T15:39:52.053Z - Done responding to the client handleHashMultiGlob
[NX v23.2.0 Daemon Server] - 2026-09-08T15:39:52.053Z - Handled json message HASH_GLOB. Handling time: 1. Response time: 1.
[NX v23.2.0 Daemon Server] - 2026-09-08T15:39:52.053Z - Done responding to the client handleGlob
[NX v23.2.0 Daemon Server] - 2026-09-08T15:39:52.053Z - Handled json message GLOB. Handling time: 0. Response time: 1.
[NX v23.2.0 Daemon Client] - 2026-09-08T15:39:52.053Z - [Messenger] Received message, length: 45
[NX v23.2.0 Daemon Client] - 2026-09-08T15:39:52.053Z - [Messenger] Received message, length: 746
[NX v23.2.0 Daemon Client] - 2026-09-08T15:39:52.053Z - [Messenger] Received message, length: 24
[NX v23.2.0 Daemon Client] - 2026-09-08T15:39:52.056Z - [Messenger] Sending message type: HASH_MULTI_GLOB
[NX v23.2.0 Daemon Client] - 2026-09-08T15:39:52.056Z - [Messenger] Message sent
[1m[33mTime taken for 'GLOB round trip' 164.23730000000012ms[39m[22m
[1m[33mTime taken for 'deserialize daemon response - GLOB' 0.02740000000017062ms[39m[22m
[1m[33mTime taken for 'daemon-message-serialization-HASH_MULTI_GLOB' 0.028599999999869397ms[39m[22m
[NX v23.2.0 Daemon Server] - 2026-09-08T15:39:52.056Z - Received raw message of length 475
[NX v23.2.0 Daemon Server] - 2026-09-08T15:39:52.056Z - Received json message of type HASH_MULTI_GLOB
[NX v23.2.0 Daemon Server] - 2026-09-08T15:39:52.057Z - Serializing response for HASH_GLOB message in json mode
[NX v23.2.0 Daemon Server] - 2026-09-08T15:39:52.057Z - Responding to HASH_GLOB message
[NX v23.2.0 Daemon Server] - 2026-09-08T15:39:52.057Z - [REQUEST]: Responding to the client. handleHashMultiGlob
[NX v23.2.0 Daemon Server] - 2026-09-08T15:39:52.057Z - Done responding to the client handleHashMultiGlob
[NX v23.2.0 Daemon Server] - 2026-09-08T15:39:52.057Z - Handled json message HASH_GLOB. Handling time: 1. Response time: 0.
[NX v23.2.0 Daemon Client] - 2026-09-08T15:39:52.058Z - [Messenger] Received message, length: 91
[NX v23.2.0 Daemon Client] - 2026-09-08T15:39:52.214Z - [Messenger] Sending message type: GET_FILES_IN_DIRECTORY
[NX v23.2.0 Daemon Client] - 2026-09-08T15:39:52.215Z - [Messenger] Message sent
[1m[33mTime taken for 'HASH_MULTI_GLOB round trip' 164.64300000000003ms[39m[22m
[1m[33mTime taken for 'deserialize daemon response - HASH_MULTI_GLOB' 0.025100000000065847ms[39m[22m
[1m[33mTime taken for 'daemon-message-serialization-GET_FILES_IN_DIRECTORY' 0.03459999999995489ms[39m[22m
[NX v23.2.0 Daemon Server] - 2026-09-08T15:39:52.215Z - Received raw message of length 115
[NX v23.2.0 Daemon Server] - 2026-09-08T15:39:52.215Z - Received json message of type GET_FILES_IN_DIRECTORY
[NX v23.2.0 Daemon Server] - 2026-09-08T15:39:52.215Z - Serializing response for GET_FILES_IN_DIRECTORY message in json mode
[NX v23.2.0 Daemon Server] - 2026-09-08T15:39:52.215Z - Responding to GET_FILES_IN_DIRECTORY message
[NX v23.2.0 Daemon Server] - 2026-09-08T15:39:52.215Z - [REQUEST]: Responding to the client. handleNxWorkspaceFiles
[NX v23.2.0 Daemon Server] - 2026-09-08T15:39:52.215Z - Done responding to the client handleNxWorkspaceFiles
[NX v23.2.0 Daemon Server] - 2026-09-08T15:39:52.215Z - Handled json message GET_FILES_IN_DIRECTORY. Handling time: 0. Response time: 0.
[NX v23.2.0 Daemon Client] - 2026-09-08T15:39:52.215Z - [Messenger] Received message, length: 37
[1m[33mTime taken for '@nx/playwright/plugin:createNodes' 691.1349ms[39m[22m
[1m[33mTime taken for 'GET_FILES_IN_DIRECTORY round trip' 1.2906000000000404ms[39m[22m
[1m[33mTime taken for 'deserialize daemon response - GET_FILES_IN_DIRECTORY' 0.0181999999999789ms[39m[22m
[isolated-plugin] shutting down worker for "@nx/playwright/plugin" after createNodes
[NX v23.2.0 Daemon Server] - 2026-09-08T15:39:52.220Z - Streaming message to client: progress update for topic graph-construction
[NX v23.2.0 Daemon Client] - 2026-09-08T15:39:52.220Z - [Messenger] Received message, length: 129
[1m[33mTime taken for 'HASH_MULTI_GLOB round trip' 2.2422999999998865ms[39m[22m
[1m[33mTime taken for 'deserialize daemon response - HASH_MULTI_GLOB' 0.014499999999998181ms[39m[22m
[NX v23.2.0 Daemon Server] - 2026-09-08T15:39:52.336Z - Closed a connection. Number of open connections: 3
[1m[33mTime taken for '@nx/eslint/plugin:createNodes' 1443.8607ms[39m[22m
[isolated-plugin] shutting down worker for "@nx/eslint/plugin" after createNodes
[NX v23.2.0 Daemon Server] - 2026-09-08T15:39:52.976Z - Streaming message to client: progress update for topic graph-construction
[NX v23.2.0 Daemon Client] - 2026-09-08T15:39:52.977Z - [Messenger] Received message, length: 91
[NX v23.2.0 Daemon Server] - 2026-09-08T15:39:53.098Z - Closed a connection. Number of open connections: 2
[1m[33mTime taken for 'HASH_MULTI_GLOB round trip' 174.78639999999996ms[39m[22m
[1m[33mTime taken for 'deserialize daemon response - HASH_MULTI_GLOB' 0.025300000000015643ms[39m[22m
[1m[33mThe `nxViteTsPaths` plugin from `@nx/vite/plugins/nx-tsconfig-paths.plugin` is deprecated and will be removed in Nx v24. Replace it with `tsconfigPaths()` from the `vite-tsconfig-paths` package. See https://nx.dev/docs/technologies/build-tools/vite/guides/configure-vite for details.[39m[22m
[1m[33mThe `nxCopyAssetsPlugin` plugin from `@nx/vite/plugins/nx-copy-assets.plugin` is deprecated and will be removed in Nx v24. Use Vite's native `publicDir` option or the `vite-plugin-static-copy` package instead. See https://nx.dev/docs/technologies/build-tools/vite/guides/configure-vite for details.[39m[22m

[Nx Vite TsPaths] Found tsconfig at D:\MesProjets\TableUp\source\TURO\libs\domain\tsconfig.lib.json

[Nx Vite TsPaths] first parsed tsconfig:  {
  resultType: 'success',
  configFileAbsolutePath: 'D:\\MesProjets\\TableUp\\source\\TURO\\libs\\domain\\tsconfig.lib.json',
  baseUrl: undefined,
  absoluteBaseUrl: 'D:\\MesProjets\\TableUp\\source\\TURO\\libs\\domain',
  paths: { '@turo/domain': [ './libs/domain/src/index.ts' ] },
  addMatchAll: false
}

[Nx Vite TsPaths] Found tsconfig at D:\MesProjets\TableUp\source\TURO\tsconfig.base.json

[Nx Vite TsPaths] fallback parsed tsconfig:  {
  resultType: 'success',
  configFileAbsolutePath: 'D:\\MesProjets\\TableUp\\source\\TURO\\tsconfig.base.json',
  baseUrl: undefined,
  absoluteBaseUrl: 'D:\\MesProjets\\TableUp\\source\\TURO',
  paths: { '@turo/domain': [ './libs/domain/src/index.ts' ] },
  addMatchAll: false
}

[Nx Vite TsPaths] Found tsconfig at D:\MesProjets\TableUp\source\TURO\libs\domain\tsconfig.lib.json

[Nx Vite TsPaths] first parsed tsconfig:  {
  resultType: 'success',
  configFileAbsolutePath: 'D:\\MesProjets\\TableUp\\source\\TURO\\libs\\domain\\tsconfig.lib.json',
  baseUrl: undefined,
  absoluteBaseUrl: 'D:\\MesProjets\\TableUp\\source\\TURO\\libs\\domain',
  paths: { '@turo/domain': [ './libs/domain/src/index.ts' ] },
  addMatchAll: false
}

[Nx Vite TsPaths] Found tsconfig at D:\MesProjets\TableUp\source\TURO\tsconfig.base.json

[Nx Vite TsPaths] fallback parsed tsconfig:  {
  resultType: 'success',
  configFileAbsolutePath: 'D:\\MesProjets\\TableUp\\source\\TURO\\tsconfig.base.json',
  baseUrl: undefined,
  absoluteBaseUrl: 'D:\\MesProjets\\TableUp\\source\\TURO',
  paths: { '@turo/domain': [ './libs/domain/src/index.ts' ] },
  addMatchAll: false
}
[NX v23.2.0 Daemon Client] - 2026-09-08T15:39:53.437Z - [Messenger] Sending message type: GLOB
[NX v23.2.0 Daemon Client] - 2026-09-08T15:39:53.437Z - [Messenger] Message sent
[1m[33mTime taken for 'daemon-message-serialization-GLOB' 0.02040000000033615ms[39m[22m
[NX v23.2.0 Daemon Server] - 2026-09-08T15:39:53.438Z - Received raw message of length 226
[NX v23.2.0 Daemon Server] - 2026-09-08T15:39:53.438Z - Received json message of type GLOB
[NX v23.2.0 Daemon Server] - 2026-09-08T15:39:53.439Z - Serializing response for GLOB message in json mode
[NX v23.2.0 Daemon Server] - 2026-09-08T15:39:53.439Z - Responding to GLOB message
[NX v23.2.0 Daemon Server] - 2026-09-08T15:39:53.439Z - [REQUEST]: Responding to the client. handleGlob
[NX v23.2.0 Daemon Server] - 2026-09-08T15:39:53.439Z - Done responding to the client handleGlob
[NX v23.2.0 Daemon Server] - 2026-09-08T15:39:53.439Z - Handled json message GLOB. Handling time: 1. Response time: 0.
[NX v23.2.0 Daemon Client] - 2026-09-08T15:39:53.439Z - [Messenger] Received message, length: 94
[1m[33mTime taken for '@nx/vitest:createNodes' 1912.3662999999997ms[39m[22m
[1m[33mTime taken for 'GLOB round trip' 2.81479999999965ms[39m[22m
[1m[33mTime taken for 'deserialize daemon response - GLOB' 0.01679999999987558ms[39m[22m
[isolated-plugin] shutting down worker for "@nx/vitest" after createNodes
[NX v23.2.0 Daemon Server] - 2026-09-08T15:39:53.441Z - Streaming message to client: progress update for topic graph-construction
[NX v23.2.0 Daemon Server] - 2026-09-08T15:39:53.462Z - Streaming message to client: progress update for topic graph-construction
[NX v23.2.0 Daemon Server] - 2026-09-08T15:39:53.462Z - Time taken for 'build-project-configs' 1924.5618000000002ms
[NX v23.2.0 Daemon Server] - 2026-09-08T15:39:53.462Z - Time taken for 'createNodes:merge' 10.302500000000236ms
[NX v23.2.0 Daemon Server] - 2026-09-08T15:39:53.462Z - Time taken for 'native-file-deps' 0.0052999999998064595ms
[NX v23.2.0 Daemon Server] - 2026-09-08T15:39:53.462Z - Time taken for 'get-workspace-files' 0.3829999999998108ms
[NX v23.2.0 Daemon Server] - 2026-09-08T15:39:53.462Z - Time taken for 'read cache' 0.5992999999998574ms
[NX v23.2.0 Daemon Client] - 2026-09-08T15:39:53.464Z - [Messenger] Received message, length: 47
[NX v23.2.0 Daemon Client] - 2026-09-08T15:39:53.464Z - [Messenger] Received message, length: 47
[1m[33mTime taken for 'build typescript dependencies' 11.29780000000028ms[39m[22m
[isolated-plugin] shutting down worker for "nx/js/dependencies-and-lockfile" after createDependencies
[NX v23.2.0 Daemon Server] - 2026-09-08T15:39:53.492Z - Streaming message to client: progress update for topic graph-construction
[NX v23.2.0 Daemon Server] - 2026-09-08T15:39:53.495Z - [SYNC]: collect registered sync generators
[NX v23.2.0 Daemon Server] - 2026-09-08T15:39:53.499Z - Wrote project graph cache to D:\MesProjets\TableUp\source\TURO\.nx\workspace-data\project-graph.json
[NX v23.2.0 Daemon Server] - 2026-09-08T15:39:53.500Z - Serializing response for REQUEST_PROJECT_GRAPH message in json mode
[NX v23.2.0 Daemon Server] - 2026-09-08T15:39:53.500Z - Responding to REQUEST_PROJECT_GRAPH message
[NX v23.2.0 Daemon Server] - 2026-09-08T15:39:53.500Z - [REQUEST]: Responding to the client. project-graph
[NX v23.2.0 Daemon Server] - 2026-09-08T15:39:53.500Z - Time taken for 'total for creating and serializing project graph' 2539.1209000000003ms
[NX v23.2.0 Daemon Server] - 2026-09-08T15:39:53.500Z - Time taken for 'total execution time for createProjectGraph()' 36.54349999999977ms
[NX v23.2.0 Daemon Server] - 2026-09-08T15:39:53.500Z - Time taken for 'createDependencies' 31.797900000000027ms
[NX v23.2.0 Daemon Server] - 2026-09-08T15:39:53.500Z - Time taken for 'nx/js/dependencies-and-lockfile:createDependencies' 31.60069999999996ms
[NX v23.2.0 Daemon Server] - 2026-09-08T15:39:53.500Z - Time taken for 'createMetadata' 0.011999999999716238ms
[NX v23.2.0 Daemon Server] - 2026-09-08T15:39:53.500Z - Time taken for 'serialize graph' 0.8009000000001834ms
[NX v23.2.0 Daemon Server] - 2026-09-08T15:39:53.500Z - Time taken for 'write cache' 3.503400000000056ms
[NX v23.2.0 Daemon Client] - 2026-09-08T15:39:53.501Z - [Messenger] Received message, length: 47
[NX v23.2.0 Daemon Client] - 2026-09-08T15:39:53.502Z - [Messenger] Received message, length: 426699
[NX v23.2.0 Daemon Server] - 2026-09-08T15:39:53.502Z - Done responding to the client project-graph
[NX v23.2.0 Daemon Server] - 2026-09-08T15:39:53.502Z - Handled json message REQUEST_PROJECT_GRAPH. Handling time: 2540. Response time: 2.
[NX v23.2.0 Daemon Client] - 2026-09-08T15:39:53.504Z - [Messenger] Sending message type: PRE_TASKS_EXECUTION
[NX v23.2.0 Daemon Client] - 2026-09-08T15:39:53.505Z - [Messenger] Message sent
[NX v23.2.0 Daemon Server] - 2026-09-08T15:39:53.504Z - Received raw message of length 1498
[NX v23.2.0 Daemon Server] - 2026-09-08T15:39:53.504Z - Received json message of type PRE_TASKS_EXECUTION
[NX v23.2.0 Daemon Server] - 2026-09-08T15:39:53.506Z - Serializing response for PRE_TASKS_EXECUTION message in json mode
[NX v23.2.0 Daemon Server] - 2026-09-08T15:39:53.506Z - Responding to PRE_TASKS_EXECUTION message
[NX v23.2.0 Daemon Server] - 2026-09-08T15:39:53.506Z - [REQUEST]: Responding to the client. handleRunPreTasksExecution
[NX v23.2.0 Daemon Server] - 2026-09-08T15:39:53.506Z - Time taken for 'preTasksExecution' 1.2371000000002823ms
[NX v23.2.0 Daemon Server] - 2026-09-08T15:39:53.506Z - Done responding to the client handleRunPreTasksExecution
[NX v23.2.0 Daemon Server] - 2026-09-08T15:39:53.506Z - Handled json message PRE_TASKS_EXECUTION. Handling time: 1. Response time: 0.
[NX v23.2.0 Daemon Client] - 2026-09-08T15:39:53.507Z - [Messenger] Received message, length: 2
[NX v23.2.0 Daemon Server] - 2026-09-08T15:39:53.675Z - Closed a connection. Number of open connections: 1
[NX v23.2.0 Daemon Client] - 2026-09-08T15:39:53.991Z - [Messenger] Sending message type: HASH_TASKS
[NX v23.2.0 Daemon Client] - 2026-09-08T15:39:53.991Z - [Messenger] Message sent
[NX v23.2.0 Daemon Server] - 2026-09-08T15:39:53.991Z - Received raw message of length 6916
[NX v23.2.0 Daemon Server] - 2026-09-08T15:39:53.991Z - Received json message of type HASH_TASKS
DEBUG nx::native::watch::watcher: force-flush END count=0 replies=1 elapsed=21.6028ms
[NX v23.2.0 Daemon Server] - 2026-09-08T15:39:54.014Z - Reusing in-memory cached project graph because no files changed.
DEBUG nx::native::tasks::hash_planner: get_plans_internal COMPLETED in 2.1063ms - processed 1 tasks (setup: 1.3987ms, parallel_planning: 704.9µs, pool: 548 unique instructions)
DEBUG nx::native::tasks::hashers::hash_workspace_files: Hashing workspace fileset: Adding "7590367488519314838" (".gitignore") to hash
DEBUG nx::native::tasks::hashers::hash_workspace_files: Hashing workspace fileset: Adding "17898124942410737386" ("nx.json") to hash
DEBUG nx::native::tasks::hashers::hash_workspace_files: Hashing workspace fileset: Hash Value: "4537446577303525317"
DEBUG nx::native::tasks::task_hasher: hash_plans COMPLETED in 1.9726ms - processed 1 plans (setup: 85.3µs, hashing: 1.8864ms, assembly: 574.8µs)
[NX v23.2.0 Daemon Server] - 2026-09-08T15:39:54.022Z - Serializing response for HASH_TASKS message in json mode
[NX v23.2.0 Daemon Server] - 2026-09-08T15:39:54.022Z - Responding to HASH_TASKS message
[NX v23.2.0 Daemon Server] - 2026-09-08T15:39:54.022Z - [REQUEST]: Responding to the client. handleHashTasks
[NX v23.2.0 Daemon Server] - 2026-09-08T15:39:54.024Z - Done responding to the client handleHashTasks
[NX v23.2.0 Daemon Server] - 2026-09-08T15:39:54.024Z - Handled json message HASH_TASKS. Handling time: 30. Response time: 2.
[NX v23.2.0 Daemon Client] - 2026-09-08T15:39:54.025Z - [Messenger] Received message, length: 27009
[NX v23.2.0 Daemon Client] - 2026-09-08T15:39:54.302Z - [Messenger] Sending message type: GET_ESTIMATED_TASK_TIMINGS
[NX v23.2.0 Daemon Client] - 2026-09-08T15:39:54.302Z - [Messenger] Message sent
[NX v23.2.0 Daemon Server] - 2026-09-08T15:39:54.305Z - Received raw message of length 142
[NX v23.2.0 Daemon Server] - 2026-09-08T15:39:54.306Z - Received json message of type GET_ESTIMATED_TASK_TIMINGS
[NX v23.2.0 Daemon Server] - 2026-09-08T15:39:54.308Z - Serializing response for GET_ESTIMATED_TASK_TIMINGS message in json mode
[NX v23.2.0 Daemon Server] - 2026-09-08T15:39:54.308Z - Responding to GET_ESTIMATED_TASK_TIMINGS message
[NX v23.2.0 Daemon Server] - 2026-09-08T15:39:54.308Z - [REQUEST]: Responding to the client. handleGetEstimatedTaskTimings
[NX v23.2.0 Daemon Server] - 2026-09-08T15:39:54.308Z - Done responding to the client handleGetEstimatedTaskTimings
[NX v23.2.0 Daemon Server] - 2026-09-08T15:39:54.308Z - Handled json message GET_ESTIMATED_TASK_TIMINGS. Handling time: 2. Response time: 0.
[NX v23.2.0 Daemon Client] - 2026-09-08T15:39:54.309Z - [Messenger] Received message, length: 2
[NX v23.2.0 Daemon Client] - 2026-09-08T15:39:55.433Z - [Messenger] Sending message type: RECORD_OUTPUTS_HASH_BATCH
[NX v23.2.0 Daemon Client] - 2026-09-08T15:39:55.434Z - [Messenger] Message sent
[NX v23.2.0 Daemon Server] - 2026-09-08T15:39:55.434Z - Received raw message of length 166
[NX v23.2.0 Daemon Server] - 2026-09-08T15:39:55.434Z - Received json message of type RECORD_OUTPUTS_HASH_BATCH
[NX v23.2.0 Daemon Server] - 2026-09-08T15:39:55.435Z - Serializing response for RECORD_OUTPUTS_HASH_BATCH message in json mode
[NX v23.2.0 Daemon Server] - 2026-09-08T15:39:55.435Z - Responding to RECORD_OUTPUTS_HASH_BATCH message
[NX v23.2.0 Daemon Server] - 2026-09-08T15:39:55.435Z - [REQUEST]: Responding to the client. recordOutputsHashBatch
[NX v23.2.0 Daemon Server] - 2026-09-08T15:39:55.435Z - Done responding to the client recordOutputsHashBatch
[NX v23.2.0 Daemon Server] - 2026-09-08T15:39:55.435Z - Handled json message RECORD_OUTPUTS_HASH_BATCH. Handling time: 1. Response time: 0.
[NX v23.2.0 Daemon Client] - 2026-09-08T15:39:55.435Z - [Messenger] Received message, length: 2
[NX v23.2.0 Daemon Client] - 2026-09-08T15:39:55.439Z - [Messenger] Sending message type: RECORD_TASK_RUNS
[NX v23.2.0 Daemon Client] - 2026-09-08T15:39:55.439Z - [Messenger] Message sent
[NX v23.2.0 Daemon Server] - 2026-09-08T15:39:55.439Z - Received raw message of length 259
[NX v23.2.0 Daemon Server] - 2026-09-08T15:39:55.439Z - Received json message of type RECORD_TASK_RUNS
[NX v23.2.0 Daemon Server] - 2026-09-08T15:39:55.440Z - Serializing response for RECORD_TASK_RUNS message in json mode
[NX v23.2.0 Daemon Server] - 2026-09-08T15:39:55.440Z - Responding to RECORD_TASK_RUNS message
[NX v23.2.0 Daemon Server] - 2026-09-08T15:39:55.440Z - [REQUEST]: Responding to the client. handleRecordTaskRuns
[NX v23.2.0 Daemon Server] - 2026-09-08T15:39:55.440Z - Done responding to the client handleRecordTaskRuns
[NX v23.2.0 Daemon Server] - 2026-09-08T15:39:55.440Z - Handled json message RECORD_TASK_RUNS. Handling time: 1. Response time: 0.
[NX v23.2.0 Daemon Client] - 2026-09-08T15:39:55.441Z - [Messenger] Received message, length: 4
[NX v23.2.0 Daemon Client] - 2026-09-08T15:39:55.441Z - [Messenger] Sending message type: GET_FLAKY_TASKS
[NX v23.2.0 Daemon Client] - 2026-09-08T15:39:55.441Z - [Messenger] Message sent
[NX v23.2.0 Daemon Server] - 2026-09-08T15:39:55.441Z - Received raw message of length 114
[NX v23.2.0 Daemon Server] - 2026-09-08T15:39:55.441Z - Received json message of type GET_FLAKY_TASKS
[NX v23.2.0 Daemon Server] - 2026-09-08T15:39:55.441Z - Serializing response for GET_FLAKY_TASKS message in json mode
[NX v23.2.0 Daemon Server] - 2026-09-08T15:39:55.441Z - Responding to GET_FLAKY_TASKS message
[NX v23.2.0 Daemon Server] - 2026-09-08T15:39:55.441Z - [REQUEST]: Responding to the client. handleGetFlakyTasks
[NX v23.2.0 Daemon Server] - 2026-09-08T15:39:55.441Z - Done responding to the client handleGetFlakyTasks
[NX v23.2.0 Daemon Server] - 2026-09-08T15:39:55.441Z - Handled json message GET_FLAKY_TASKS. Handling time: 0. Response time: 0.
[NX v23.2.0 Daemon Client] - 2026-09-08T15:39:55.442Z - [Messenger] Received message, length: 2
[NX v23.2.0 Daemon Server] - 2026-09-08T15:39:55.442Z - Established a connection. Number of open connections: 2
[NX v23.2.0 Daemon Client] - 2026-09-08T15:39:55.443Z - [Messenger] Sending message type: GET_CONFIGURE_AI_AGENTS_STATUS
[NX v23.2.0 Daemon Server] - 2026-09-08T15:39:55.442Z - Closed a connection. Number of open connections: 1
[NX v23.2.0 Daemon Client] - 2026-09-08T15:39:55.443Z - [Messenger] Message sent
[NX v23.2.0 Daemon Server] - 2026-09-08T15:39:55.443Z - Received raw message of length 97
[NX v23.2.0 Daemon Server] - 2026-09-08T15:39:55.443Z - Received json message of type GET_CONFIGURE_AI_AGENTS_STATUS
[NX v23.2.0 Daemon Server] - 2026-09-08T15:39:55.443Z - Serializing response for GET_CONFIGURE_AI_AGENTS_STATUS message in json mode
[NX v23.2.0 Daemon Server] - 2026-09-08T15:39:55.443Z - Responding to GET_CONFIGURE_AI_AGENTS_STATUS message
[NX v23.2.0 Daemon Server] - 2026-09-08T15:39:55.443Z - [REQUEST]: Responding to the client. handleGetConfigureAiAgentsStatus
[NX v23.2.0 Daemon Server] - 2026-09-08T15:39:55.443Z - Done responding to the client handleGetConfigureAiAgentsStatus
[NX v23.2.0 Daemon Server] - 2026-09-08T15:39:55.443Z - Handled json message GET_CONFIGURE_AI_AGENTS_STATUS. Handling time: 0. Response time: 0.
[NX v23.2.0 Daemon Client] - 2026-09-08T15:39:55.443Z - [Messenger] Received message, length: 104
[NX v23.2.0 Daemon Client] - 2026-09-08T15:39:55.445Z - [Messenger] Sending message type: POST_TASKS_EXECUTION
[NX v23.2.0 Daemon Client] - 2026-09-08T15:39:55.445Z - [Messenger] Message sent
[NX v23.2.0 Daemon Server] - 2026-09-08T15:39:55.445Z - Received raw message of length 43499
[NX v23.2.0 Daemon Server] - 2026-09-08T15:39:55.445Z - Received json message of type POST_TASKS_EXECUTION
[NX v23.2.0 Daemon Server] - 2026-09-08T15:39:55.446Z - Serializing response for POST_TASKS_EXECUTION message in json mode
[NX v23.2.0 Daemon Server] - 2026-09-08T15:39:55.446Z - Responding to POST_TASKS_EXECUTION message
[NX v23.2.0 Daemon Server] - 2026-09-08T15:39:55.446Z - [REQUEST]: Responding to the client. handleRunPostTasksExecution
[NX v23.2.0 Daemon Server] - 2026-09-08T15:39:55.446Z - Time taken for 'postTasksExecution' 0.5315000000000509ms
[NX v23.2.0 Daemon Server] - 2026-09-08T15:39:55.446Z - Done responding to the client handleRunPostTasksExecution
[NX v23.2.0 Daemon Server] - 2026-09-08T15:39:55.446Z - Handled json message POST_TASKS_EXECUTION. Handling time: 1. Response time: 0.
[NX v23.2.0 Daemon Client] - 2026-09-08T15:39:55.447Z - [Messenger] Received message, length: 4
[NX v23.2.0 Daemon Server] - 2026-09-08T15:39:55.623Z - Closed a connection. Number of open connections: 0
[NX v23.2.0 Daemon Server] - 2026-09-08T15:39:55.637Z - [LATEST-NX]: Successfully pulled latest Nx to C:\Users\ichma\AppData\Local\Temp\tmp-44256-B1oTOd5XyuZG
[NX v23.2.0 Daemon Server] - 2026-09-08T15:39:55.637Z - [NX-CONSOLE]: Using local implementation (NX_USE_LOCAL=true or inner call)
[NX v23.2.0 Daemon Server] - 2026-09-08T15:39:55.638Z - [AI-AGENTS]: Failed to compute agent configuration status from latest Nx. Error: Only URLs with a scheme in: file, data, and node are supported by the default ESM loader. On Windows, absolute paths must be valid file:// URLs. Received protocol 'd:'
DEBUG nx::native::ide::install: Detected editor: Unknown
[NX v23.2.0 Daemon Server] - 2026-09-08T15:39:55.638Z - [AI-AGENTS]: Agent configuration status computation completed: 0 fully configured, 0 outdated, 0 partially configured, 0 non-configured
[NX v23.2.0 Daemon Server] - 2026-09-08T15:39:55.638Z - [NX-CONSOLE]: Console status check completed, shouldPrompt: false
